participant.id_in_session,participant.code,participant.label,participant._is_bot,participant._index_in_pages,participant._max_page_index,participant._current_app_name,participant._round_number,participant._current_page_name,participant.ip_address,participant.time_started,participant.exclude_from_data_analysis,participant.visited,participant.mturk_worker_id,participant.mturk_assignment_id,participant.payoff,player.id_in_group,player.player_role,player.quiz_01_a,player.quiz_01_b,player.quiz_01_c,player.quiz_01_d,player.quiz_01_e,player.quiz_01_f,player.quiz_02_a,player.quiz_02_b,player.quiz_02_c,player.quiz_02_d,player.quiz_02_e,player.ret_score,player.vcm_score,player.vcm_ge_percent,player.passive_Player_Earnings,player.stage_round_count,player.paid_round,player.paid_active_round_score,player.round_payoff,player.GE_Low_A,player.GE_Low_F,player.mpcr,player.boycott_cost,player.passive_ge_contrib,player.A1_A_mult,player.A1_F_mult,player.F1_A_mult,player.F1_F_mult,player.A3_A_mult,player.A3_F_mult,player.N1_prob,player.A_stage1,player.F_stage2,player.A_stage3,player.Nature,player.terminal_choice,player.postStage_self_individual_exchange,player.postStage_self_ge,player.postStage_op_individual_exchange,player.postStage_op_group_exchange,player.postStage_round_points,player.followup_1,player.q_birthMonth,player.q_birthYear,player.q_sex,player.q_languages,player.q_YearsInUAE,player.q_nationality,player.q_major,player.q_part2strat,player.q_part3_A1strat,player.q_part3_F1strat,player.q_part3_A3strat,player.q_part3_dynamic,player.payoff,group.id_in_subsession,subsession.round_number,session.code,session.label,session.experimenter_name,session.mturk_HITId,session.mturk_HITGroupId,session.comment,session.is_demo
1,vhpaehbf,,0,107,297,csr_3_stageT,1,pregame,10.225.97.136,2017-05-22 05:09:26.548091+00:00,0,1,,,0,2,F,5.0,15.0,50.0,60.0,57.5,57.5,47.5,57.5,40.0,60.0,0.75,19,45.0725,0.1925,,4,,,,15.0,5.0,0.75,10.0,,1.0,1.0,1.0,3.0,1.0,1.0,0.75,,,,,,,,,,,,,,,,,,,,,,,,0,1,1,ewog1iq7,,,,,,1
2,972c1bkd,,0,170,297,csr_3_stageT,4,FinalResults1,10.225.97.136,2017-05-22 05:09:27.362986+00:00,0,1,,,155,2,F,5.0,15.0,50.0,60.0,57.5,57.5,47.5,57.5,40.0,60.0,0.75,19,42.2225,0.2575,52.5,1,,,57.5,15.0,5.0,0.75,10.0,,1.0,1.0,1.0,3.0,1.0,1.0,0.75,,F2,,N1,N1,15.0,5.0,5.0,15.0,57.5,,,,,,,,,,,,,,0,2,1,ewog1iq7,,,,,,1
3,xqf4m64z,,0,171,297,csr_3_stageT,4,FinalResults2,10.225.97.136,2017-05-22 05:09:27.977651+00:00,0,1,,,140,1,A,5.0,15.0,50.0,60.0,57.5,57.5,47.5,57.5,40.0,60.0,0.75,22,39.5925,0.52,52.5,1,,,47.5,15.0,5.0,0.75,10.0,,1.0,1.0,1.0,3.0,1.0,1.0,0.75,A2,,A4,N1,N1,5.0,15.0,5.0,15.0,47.5,,,,,,,,,,,,,,0,2,1,ewog1iq7,,,,,,1
4,pysp3t9f,,0,104,297,csr_3_stageT,1,quiz2,10.225.97.136,2017-05-22 05:09:29.011673+00:00,0,1,,,0,1,A,5.0,15.0,50.0,60.0,57.5,57.5,,,,,,20,35.8125,0.78,,4,,,,15.0,5.0,0.75,10.0,,1.0,1.0,1.0,3.0,1.0,1.0,0.75,,,,,,,,,,,,,,,,,,,,,,,,0,1,1,ewog1iq7,,,,,,1
1,vhpaehbf,,0,107,297,csr_3_stageT,1,pregame,10.225.97.136,2017-05-22 05:09:26.548091+00:00,0,1,,,0,2,,,,,,,,,,,,,,,,,4,,,,15.0,5.0,0.75,10.0,,1.0,1.0,1.0,3.0,1.0,1.0,0.75,,,,,,,,,,,,,,,,,,,,,,,,0,1,2,ewog1iq7,,,,,,1
2,972c1bkd,,0,170,297,csr_3_stageT,4,FinalResults1,10.225.97.136,2017-05-22 05:09:27.362986+00:00,0,1,,,155,2,F,,,,,,,,,,,,,,,52.5,2,,,57.5,15.0,5.0,0.75,10.0,,1.0,1.0,1.0,3.0,1.0,1.0,0.75,,F2,,N1,N1,15.0,5.0,5.0,15.0,57.5,,,,,,,,,,,,,,0,2,2,ewog1iq7,,,,,,1
3,xqf4m64z,,0,171,297,csr_3_stageT,4,FinalResults2,10.225.97.136,2017-05-22 05:09:27.977651+00:00,0,1,,,140,1,A,,,,,,,,,,,,,,,52.5,2,,,47.5,15.0,5.0,0.75,10.0,,1.0,1.0,1.0,3.0,1.0,1.0,0.75,A2,,A4,N1,N1,5.0,15.0,5.0,15.0,47.5,,,,,,,,,,,,,,0,2,2,ewog1iq7,,,,,,1
4,pysp3t9f,,0,104,297,csr_3_stageT,1,quiz2,10.225.97.136,2017-05-22 05:09:29.011673+00:00,0,1,,,0,1,,,,,,,,,,,,,,,,,4,,,,15.0,5.0,0.75,10.0,,1.0,1.0,1.0,3.0,1.0,1.0,0.75,,,,,,,,,,,,,,,,,,,,,,,,0,1,2,ewog1iq7,,,,,,1
1,vhpaehbf,,0,107,297,csr_3_stageT,1,pregame,10.225.97.136,2017-05-22 05:09:26.548091+00:00,0,1,,,0,2,,,,,,,,,,,,,,,,,4,,,,15.0,5.0,0.75,10.0,,1.0,1.0,1.0,3.0,1.0,1.0,0.75,,,,,,,,,,,,,,,,,,,,,,,,0,1,3,ewog1iq7,,,,,,1
2,972c1bkd,,0,170,297,csr_3_stageT,4,FinalResults1,10.225.97.136,2017-05-22 05:09:27.362986+00:00,0,1,,,155,2,F,,,,,,,,,,,,,,,52.5,3,,,57.5,15.0,5.0,0.75,10.0,,1.0,1.0,1.0,3.0,1.0,1.0,0.75,,F2,,N1,N1,15.0,5.0,5.0,15.0,57.5,,,,,,,,,,,,,,0,2,3,ewog1iq7,,,,,,1
3,xqf4m64z,,0,171,297,csr_3_stageT,4,FinalResults2,10.225.97.136,2017-05-22 05:09:27.977651+00:00,0,1,,,140,1,A,,,,,,,,,,,,,,,52.5,3,,,47.5,15.0,5.0,0.75,10.0,,1.0,1.0,1.0,3.0,1.0,1.0,0.75,A2,,A4,N1,N1,5.0,15.0,5.0,15.0,47.5,,,,,,,,,,,,,,0,2,3,ewog1iq7,,,,,,1
4,pysp3t9f,,0,104,297,csr_3_stageT,1,quiz2,10.225.97.136,2017-05-22 05:09:29.011673+00:00,0,1,,,0,1,,,,,,,,,,,,,,,,,4,,,,15.0,5.0,0.75,10.0,,1.0,1.0,1.0,3.0,1.0,1.0,0.75,,,,,,,,,,,,,,,,,,,,,,,,0,1,3,ewog1iq7,,,,,,1
1,vhpaehbf,,0,107,297,csr_3_stageT,1,pregame,10.225.97.136,2017-05-22 05:09:26.548091+00:00,0,1,,,0,2,,,,,,,,,,,,,,,,,4,,,,15.0,5.0,0.75,10.0,,1.0,1.0,1.0,3.0,1.0,1.0,0.75,,,,,,,,,,,,,,,,,,,,,,,,0,1,4,ewog1iq7,,,,,,1
2,972c1bkd,,0,170,297,csr_3_stageT,4,FinalResults1,10.225.97.136,2017-05-22 05:09:27.362986+00:00,0,1,,,155,2,F,,,,,,,,,,,,,,,52.5,4,2,57.5,57.5,15.0,5.0,0.75,10.0,,1.0,1.0,1.0,3.0,1.0,1.0,0.75,,F2,,N1,N1,15.0,5.0,5.0,15.0,57.5,,,,,,,,,,,,,,155,2,4,ewog1iq7,,,,,,1
3,xqf4m64z,,0,171,297,csr_3_stageT,4,FinalResults2,10.225.97.136,2017-05-22 05:09:27.977651+00:00,0,1,,,140,1,A,,,,,,,,,,,,,,,52.5,4,2,47.5,47.5,15.0,5.0,0.75,10.0,,1.0,1.0,1.0,3.0,1.0,1.0,0.75,A2,,A4,N1,N1,5.0,15.0,5.0,15.0,47.5,,2,1900,male,gfd,,,gf,gf,gf,vc,v,,140,2,4,ewog1iq7,,,,,,1
4,pysp3t9f,,0,104,297,csr_3_stageT,1,quiz2,10.225.97.136,2017-05-22 05:09:29.011673+00:00,0,1,,,0,1,,,,,,,,,,,,,,,,,4,,,,15.0,5.0,0.75,10.0,,1.0,1.0,1.0,3.0,1.0,1.0,0.75,,,,,,,,,,,,,,,,,,,,,,,,0,1,4,ewog1iq7,,,,,,1
1,vhpaehbf,,0,107,297,csr_3_stageT,1,pregame,10.225.97.136,2017-05-22 05:09:26.548091+00:00,0,1,,,0,2,,,,,,,,,,,,,,,,,4,,,,15.0,5.0,0.75,10.0,,1.0,1.0,1.0,3.0,1.0,1.0,0.75,,,,,,,,,,,,,,,,,,,,,,,,0,1,5,ewog1iq7,,,,,,1
2,972c1bkd,,0,170,297,csr_3_stageT,4,FinalResults1,10.225.97.136,2017-05-22 05:09:27.362986+00:00,0,1,,,155,2,,,,,,,,,,,,,,,,,4,,,,15.0,5.0,0.75,10.0,,1.0,1.0,1.0,3.0,1.0,1.0,0.75,,,,,,,,,,,,,,,,,,,,,,,,0,2,5,ewog1iq7,,,,,,1
3,xqf4m64z,,0,171,297,csr_3_stageT,4,FinalResults2,10.225.97.136,2017-05-22 05:09:27.977651+00:00,0,1,,,140,1,,,,,,,,,,,,,,,,,4,,,,15.0,5.0,0.75,10.0,,1.0,1.0,1.0,3.0,1.0,1.0,0.75,,,,,,,,,,,,,,,,,,,,,,,,0,2,5,ewog1iq7,,,,,,1
4,pysp3t9f,,0,104,297,csr_3_stageT,1,quiz2,10.225.97.136,2017-05-22 05:09:29.011673+00:00,0,1,,,0,1,,,,,,,,,,,,,,,,,4,,,,15.0,5.0,0.75,10.0,,1.0,1.0,1.0,3.0,1.0,1.0,0.75,,,,,,,,,,,,,,,,,,,,,,,,0,1,5,ewog1iq7,,,,,,1
1,vhpaehbf,,0,107,297,csr_3_stageT,1,pregame,10.225.97.136,2017-05-22 05:09:26.548091+00:00,0,1,,,0,2,,,,,,,,,,,,,,,,,4,,,,15.0,5.0,0.75,10.0,,1.0,1.0,1.0,3.0,1.0,1.0,0.75,,,,,,,,,,,,,,,,,,,,,,,,0,1,6,ewog1iq7,,,,,,1
2,972c1bkd,,0,170,297,csr_3_stageT,4,FinalResults1,10.225.97.136,2017-05-22 05:09:27.362986+00:00,0,1,,,155,2,,,,,,,,,,,,,,,,,4,,,,15.0,5.0,0.75,10.0,,1.0,1.0,1.0,3.0,1.0,1.0,0.75,,,,,,,,,,,,,,,,,,,,,,,,0,2,6,ewog1iq7,,,,,,1
3,xqf4m64z,,0,171,297,csr_3_stageT,4,FinalResults2,10.225.97.136,2017-05-22 05:09:27.977651+00:00,0,1,,,140,1,,,,,,,,,,,,,,,,,4,,,,15.0,5.0,0.75,10.0,,1.0,1.0,1.0,3.0,1.0,1.0,0.75,,,,,,,,,,,,,,,,,,,,,,,,0,2,6,ewog1iq7,,,,,,1
4,pysp3t9f,,0,104,297,csr_3_stageT,1,quiz2,10.225.97.136,2017-05-22 05:09:29.011673+00:00,0,1,,,0,1,,,,,,,,,,,,,,,,,4,,,,15.0,5.0,0.75,10.0,,1.0,1.0,1.0,3.0,1.0,1.0,0.75,,,,,,,,,,,,,,,,,,,,,,,,0,1,6,ewog1iq7,,,,,,1
1,vhpaehbf,,0,107,297,csr_3_stageT,1,pregame,10.225.97.136,2017-05-22 05:09:26.548091+00:00,0,1,,,0,2,,,,,,,,,,,,,,,,,4,,,,15.0,5.0,0.75,10.0,,1.0,1.0,1.0,3.0,1.0,1.0,0.75,,,,,,,,,,,,,,,,,,,,,,,,0,1,7,ewog1iq7,,,,,,1
2,972c1bkd,,0,170,297,csr_3_stageT,4,FinalResults1,10.225.97.136,2017-05-22 05:09:27.362986+00:00,0,1,,,155,2,,,,,,,,,,,,,,,,,4,,,,15.0,5.0,0.75,10.0,,1.0,1.0,1.0,3.0,1.0,1.0,0.75,,,,,,,,,,,,,,,,,,,,,,,,0,2,7,ewog1iq7,,,,,,1
3,xqf4m64z,,0,171,297,csr_3_stageT,4,FinalResults2,10.225.97.136,2017-05-22 05:09:27.977651+00:00,0,1,,,140,1,,,,,,,,,,,,,,,,,4,,,,15.0,5.0,0.75,10.0,,1.0,1.0,1.0,3.0,1.0,1.0,0.75,,,,,,,,,,,,,,,,,,,,,,,,0,2,7,ewog1iq7,,,,,,1
4,pysp3t9f,,0,104,297,csr_3_stageT,1,quiz2,10.225.97.136,2017-05-22 05:09:29.011673+00:00,0,1,,,0,1,,,,,,,,,,,,,,,,,4,,,,15.0,5.0,0.75,10.0,,1.0,1.0,1.0,3.0,1.0,1.0,0.75,,,,,,,,,,,,,,,,,,,,,,,,0,1,7,ewog1iq7,,,,,,1
1,vhpaehbf,,0,107,297,csr_3_stageT,1,pregame,10.225.97.136,2017-05-22 05:09:26.548091+00:00,0,1,,,0,2,,,,,,,,,,,,,,,,,4,,,,15.0,5.0,0.75,10.0,,1.0,1.0,1.0,3.0,1.0,1.0,0.75,,,,,,,,,,,,,,,,,,,,,,,,0,1,8,ewog1iq7,,,,,,1
2,972c1bkd,,0,170,297,csr_3_stageT,4,FinalResults1,10.225.97.136,2017-05-22 05:09:27.362986+00:00,0,1,,,155,2,,,,,,,,,,,,,,,,,4,,,,15.0,5.0,0.75,10.0,,1.0,1.0,1.0,3.0,1.0,1.0,0.75,,,,,,,,,,,,,,,,,,,,,,,,0,2,8,ewog1iq7,,,,,,1
3,xqf4m64z,,0,171,297,csr_3_stageT,4,FinalResults2,10.225.97.136,2017-05-22 05:09:27.977651+00:00,0,1,,,140,1,,,,,,,,,,,,,,,,,4,,,,15.0,5.0,0.75,10.0,,1.0,1.0,1.0,3.0,1.0,1.0,0.75,,,,,,,,,,,,,,,,,,,,,,,,0,2,8,ewog1iq7,,,,,,1
4,pysp3t9f,,0,104,297,csr_3_stageT,1,quiz2,10.225.97.136,2017-05-22 05:09:29.011673+00:00,0,1,,,0,1,,,,,,,,,,,,,,,,,4,,,,15.0,5.0,0.75,10.0,,1.0,1.0,1.0,3.0,1.0,1.0,0.75,,,,,,,,,,,,,,,,,,,,,,,,0,1,8,ewog1iq7,,,,,,1
1,vhpaehbf,,0,107,297,csr_3_stageT,1,pregame,10.225.97.136,2017-05-22 05:09:26.548091+00:00,0,1,,,0,2,,,,,,,,,,,,,,,,,4,,,,15.0,5.0,0.75,10.0,,1.0,1.0,1.0,3.0,1.0,1.0,0.75,,,,,,,,,,,,,,,,,,,,,,,,0,1,9,ewog1iq7,,,,,,1
2,972c1bkd,,0,170,297,csr_3_stageT,4,FinalResults1,10.225.97.136,2017-05-22 05:09:27.362986+00:00,0,1,,,155,2,,,,,,,,,,,,,,,,,4,,,,15.0,5.0,0.75,10.0,,1.0,1.0,1.0,3.0,1.0,1.0,0.75,,,,,,,,,,,,,,,,,,,,,,,,0,2,9,ewog1iq7,,,,,,1
3,xqf4m64z,,0,171,297,csr_3_stageT,4,FinalResults2,10.225.97.136,2017-05-22 05:09:27.977651+00:00,0,1,,,140,1,,,,,,,,,,,,,,,,,4,,,,15.0,5.0,0.75,10.0,,1.0,1.0,1.0,3.0,1.0,1.0,0.75,,,,,,,,,,,,,,,,,,,,,,,,0,2,9,ewog1iq7,,,,,,1
4,pysp3t9f,,0,104,297,csr_3_stageT,1,quiz2,10.225.97.136,2017-05-22 05:09:29.011673+00:00,0,1,,,0,1,,,,,,,,,,,,,,,,,4,,,,15.0,5.0,0.75,10.0,,1.0,1.0,1.0,3.0,1.0,1.0,0.75,,,,,,,,,,,,,,,,,,,,,,,,0,1,9,ewog1iq7,,,,,,1
1,vhpaehbf,,0,107,297,csr_3_stageT,1,pregame,10.225.97.136,2017-05-22 05:09:26.548091+00:00,0,1,,,0,2,,,,,,,,,,,,,,,,,4,,,,15.0,5.0,0.75,10.0,,1.0,1.0,1.0,3.0,1.0,1.0,0.75,,,,,,,,,,,,,,,,,,,,,,,,0,1,10,ewog1iq7,,,,,,1
2,972c1bkd,,0,170,297,csr_3_stageT,4,FinalResults1,10.225.97.136,2017-05-22 05:09:27.362986+00:00,0,1,,,155,2,,,,,,,,,,,,,,,,,4,,,,15.0,5.0,0.75,10.0,,1.0,1.0,1.0,3.0,1.0,1.0,0.75,,,,,,,,,,,,,,,,,,,,,,,,0,2,10,ewog1iq7,,,,,,1
3,xqf4m64z,,0,171,297,csr_3_stageT,4,FinalResults2,10.225.97.136,2017-05-22 05:09:27.977651+00:00,0,1,,,140,1,,,,,,,,,,,,,,,,,4,,,,15.0,5.0,0.75,10.0,,1.0,1.0,1.0,3.0,1.0,1.0,0.75,,,,,,,,,,,,,,,,,,,,,,,,0,2,10,ewog1iq7,,,,,,1
4,pysp3t9f,,0,104,297,csr_3_stageT,1,quiz2,10.225.97.136,2017-05-22 05:09:29.011673+00:00,0,1,,,0,1,,,,,,,,,,,,,,,,,4,,,,15.0,5.0,0.75,10.0,,1.0,1.0,1.0,3.0,1.0,1.0,0.75,,,,,,,,,,,,,,,,,,,,,,,,0,1,10,ewog1iq7,,,,,,1
1,vhpaehbf,,0,107,297,csr_3_stageT,1,pregame,10.225.97.136,2017-05-22 05:09:26.548091+00:00,0,1,,,0,2,,,,,,,,,,,,,,,,,4,,,,15.0,5.0,0.75,10.0,,1.0,1.0,1.0,3.0,1.0,1.0,0.75,,,,,,,,,,,,,,,,,,,,,,,,0,1,11,ewog1iq7,,,,,,1
2,972c1bkd,,0,170,297,csr_3_stageT,4,FinalResults1,10.225.97.136,2017-05-22 05:09:27.362986+00:00,0,1,,,155,2,,,,,,,,,,,,,,,,,4,,,,15.0,5.0,0.75,10.0,,1.0,1.0,1.0,3.0,1.0,1.0,0.75,,,,,,,,,,,,,,,,,,,,,,,,0,2,11,ewog1iq7,,,,,,1
3,xqf4m64z,,0,171,297,csr_3_stageT,4,FinalResults2,10.225.97.136,2017-05-22 05:09:27.977651+00:00,0,1,,,140,1,,,,,,,,,,,,,,,,,4,,,,15.0,5.0,0.75,10.0,,1.0,1.0,1.0,3.0,1.0,1.0,0.75,,,,,,,,,,,,,,,,,,,,,,,,0,2,11,ewog1iq7,,,,,,1
4,pysp3t9f,,0,104,297,csr_3_stageT,1,quiz2,10.225.97.136,2017-05-22 05:09:29.011673+00:00,0,1,,,0,1,,,,,,,,,,,,,,,,,4,,,,15.0,5.0,0.75,10.0,,1.0,1.0,1.0,3.0,1.0,1.0,0.75,,,,,,,,,,,,,,,,,,,,,,,,0,1,11,ewog1iq7,,,,,,1
1,yc7mtep7,SSEL_B_01,0,803,821,csr_3_stageT,10,FinalResults2,10.224.77.117,2017-05-22 06:37:07.958415+00:00,0,1,,,60,1,A,5.0,15.0,23.0,33.0,26.0,26.0,16.0,26.0,13.0,33.0,0.75,20,23.52,0.541,18.0,1,,,23.0,15.0,5.0,0.3,10.0,,1.0,1.0,1.0,3.0,1.0,1.0,0.75,A2,,A3,N1,A3,5.0,15.0,15.0,5.0,23.0,,,,,,,,,,,,,,0,2,1,wheg36z2,,,,,,0
2,2ccmbtvh,SSEL_B_02,0,803,821,csr_3_stageT,10,FinalResults2,10.224.76.142,2017-05-22 06:37:15.132664+00:00,0,1,,,85,2,F,5.0,15.0,23.0,33.0,26.0,26.0,16.0,26.0,13.0,33.0,0.75,20,30.52,0.05,18.0,1,,,33.0,15.0,5.0,0.3,10.0,,1.0,1.0,1.0,3.0,1.0,1.0,0.75,,F2,,N1,A3,5.0,5.0,5.0,15.0,33.0,,,,,,,,,,,,,,0,3,1,wheg36z2,,,,,,0
3,n075zyx5,SSEL_B_03,0,803,821,csr_3_stageT,10,FinalResults2,10.224.77.115,2017-05-22 06:37:31.590088+00:00,0,1,,,50,1,A,5.0,15.0,23.0,33.0,26.0,26.0,16.0,26.0,13.0,33.0,0.75,4,4.76,0.3,18.0,1,,,23.0,15.0,5.0,0.3,10.0,,1.0,1.0,1.0,3.0,1.0,1.0,0.75,A2,,A3,N2,A3,5.0,15.0,15.0,5.0,23.0,,,,,,,,,,,,,,0,5,1,wheg36z2,,,,,,0
4,sn7zoalz,SSEL_B_04,0,803,821,csr_3_stageT,10,FinalResults2,10.224.76.198,2017-05-22 06:37:40.467183+00:00,0,1,,,65,1,A,5.0,15.0,23.0,33.0,26.0,26.0,16.0,26.0,13.0,33.0,0.75,20,21.12,0.541,18.0,1,,,23.0,15.0,5.0,0.3,10.0,,1.0,1.0,1.0,3.0,1.0,1.0,0.75,A2,,A3,N1,A3,5.0,15.0,15.0,5.0,23.0,,,,,,,,,,,,,,0,3,1,wheg36z2,,,,,,0
5,yw177pu2,SSEL_B_05,0,803,821,csr_3_stageT,10,FinalResults2,10.224.76.71,2017-05-22 06:37:46.856588+00:00,0,1,,,65,1,A,5.0,15.0,23.0,33.0,26.0,26.0,16.0,26.0,13.0,33.0,0.75,20,20.5,0.255,18.0,1,,,23.0,15.0,5.0,0.3,10.0,,1.0,1.0,1.0,3.0,1.0,1.0,0.75,A2,,A3,N2,A3,5.0,15.0,15.0,5.0,23.0,,,,,,,,,,,,,,0,10,1,wheg36z2,,,,,,0
6,mw3d6c72,SSEL_B_07,0,803,821,csr_3_stageT,10,FinalResults2,10.224.76.220,2017-05-22 06:38:06.830419+00:00,0,1,,,65,1,A,5.0,15.0,23.0,33.0,26.0,26.0,16.0,26.0,13.0,33.0,0.75,20,19.5,0.275,21.0,1,,,26.0,15.0,5.0,0.3,10.0,,1.0,1.0,1.0,3.0,1.0,1.0,0.75,A2,,A3,N1,F1,5.0,15.0,5.0,15.0,26.0,,,,,,,,,,,,,,0,7,1,wheg36z2,,,,,,0
7,c7ssmw0g,SSEL_B_08,0,803,821,csr_3_stageT,10,FinalResults2,10.224.77.202,2017-05-22 06:38:13.171572+00:00,0,1,,,75,2,F,5.0,15.0,23.0,33.0,26.0,26.0,16.0,26.0,13.0,33.0,0.75,20,19.5,0.24,18.0,1,,,33.0,15.0,5.0,0.3,10.0,,1.0,1.0,1.0,3.0,1.0,1.0,0.75,,F2,,N2,A3,5.0,5.0,5.0,15.0,33.0,,,,,,,,,,,,,,0,10,1,wheg36z2,,,,,,0
8,jr7hrd3s,SSEL_B_09,0,803,821,csr_3_stageT,10,FinalResults2,10.224.76.120,2017-05-22 06:38:19.268794+00:00,0,1,,,55,1,A,5.0,15.0,23.0,33.0,26.0,26.0,16.0,26.0,13.0,33.0,0.75,20,12.52,0.58,18.0,1,,,23.0,15.0,5.0,0.3,10.0,,1.0,1.0,1.0,3.0,1.0,1.0,0.75,A1,,A3,N2,A1,5.0,15.0,15.0,5.0,23.0,,,,,,,,,,,,,,0,1,1,wheg36z2,,,,,,0
9,am33fy92,SSEL_B_06,0,803,821,csr_3_stageT,10,FinalResults2,10.224.77.203,2017-05-22 06:38:34.314065+00:00,0,1,,,75,2,F,5.0,15.0,23.0,33.0,26.0,26.0,16.0,26.0,13.0,33.0,0.75,20,20.5,0.22,18.0,1,,,33.0,15.0,5.0,0.3,10.0,,1.0,1.0,1.0,3.0,1.0,1.0,0.75,,F2,,N2,A3,5.0,5.0,5.0,15.0,33.0,,,,,,,,,,,,,,0,9,1,wheg36z2,,,,,,0
10,n8fskdr0,SSEL_B_10,0,803,821,csr_3_stageT,10,FinalResults2,10.224.77.174,2017-05-22 06:38:29.047341+00:00,0,1,,,80,2,F,5.0,15.0,23.0,33.0,26.0,26.0,16.0,26.0,13.0,33.0,0.75,20,29.14,0.171,21.0,1,,,26.0,15.0,5.0,0.3,10.0,,1.0,1.0,1.0,3.0,1.0,1.0,0.75,,F1,,N1,F1,15.0,5.0,5.0,15.0,26.0,,,,,,,,,,,,,,0,6,1,wheg36z2,,,,,,0
11,gjjzypw0,SSEL_B_11,0,803,821,csr_3_stageT,10,FinalResults2,10.224.76.26,2017-05-22 06:38:34.668819+00:00,0,1,,,65,1,A,5.0,15.0,23.0,33.0,26.0,26.0,16.0,26.0,13.0,33.0,0.75,20,19.96,0.275,18.0,1,,,23.0,15.0,5.0,0.3,10.0,,1.0,1.0,1.0,3.0,1.0,1.0,0.75,A2,,A3,N2,A3,5.0,15.0,15.0,5.0,23.0,,,,,,,,,,,,,,0,8,1,wheg36z2,,,,,,0
12,jh0jvyqx,SSEL_B_12,0,803,821,csr_3_stageT,10,FinalResults2,10.224.76.104,2017-05-22 06:38:49.329304+00:00,0,1,,,65,1,A,5.0,15.0,23.0,33.0,26.0,26.0,16.0,26.0,13.0,33.0,0.75,20,19.96,0.269,18.0,1,,,23.0,15.0,5.0,0.3,10.0,,1.0,1.0,1.0,3.0,1.0,1.0,0.75,A2,,A3,N2,A3,5.0,15.0,15.0,5.0,23.0,,,,,,,,,,,,,,0,9,1,wheg36z2,,,,,,0
13,ralqn835,SSEL_B_13,0,803,821,csr_3_stageT,10,FinalResults2,10.224.76.188,2017-05-22 06:38:53.245680+00:00,0,1,,,65,2,F,5.0,15.0,23.0,33.0,26.0,26.0,16.0,26.0,13.0,33.0,0.75,20,19.96,0.05,18.0,1,,,33.0,15.0,5.0,0.3,10.0,,1.0,1.0,1.0,3.0,1.0,1.0,0.75,,F2,,N1,A3,5.0,5.0,5.0,15.0,33.0,,,,,,,,,,,,,,0,2,1,wheg36z2,,,,,,0
14,p0jrt99e,SSEL_B_14,0,803,821,csr_3_stageT,10,FinalResults2,10.224.77.130,2017-05-22 06:38:54.752662+00:00,0,1,,,55,1,A,5.0,15.0,23.0,33.0,26.0,26.0,16.0,26.0,13.0,33.0,0.75,20,11.14,0.362,18.0,1,,,23.0,15.0,5.0,0.3,10.0,,1.0,1.0,1.0,3.0,1.0,1.0,0.75,A1,,A4,N1,A1,5.0,15.0,15.0,5.0,23.0,,,,,,,,,,,,,,0,4,1,wheg36z2,,,,,,0
15,sopbgk2i,SSEL_B_18,0,803,821,csr_3_stageT,10,FinalResults2,10.224.77.145,2017-05-22 06:38:55.773255+00:00,0,1,,,75,2,F,5.0,15.0,23.0,33.0,26.0,26.0,16.0,26.0,13.0,33.0,0.75,20,23.5,0.095,18.0,1,,,33.0,15.0,5.0,0.3,10.0,,1.0,1.0,1.0,3.0,1.0,1.0,0.75,,F2,,N1,A1,5.0,5.0,5.0,15.0,33.0,,,,,,,,,,,,,,0,4,1,wheg36z2,,,,,,0
16,z8yh3j3m,SSEL_B_15,0,803,821,csr_3_stageT,10,FinalResults2,10.224.76.62,2017-05-22 06:39:00.445795+00:00,0,1,,,65,1,A,5.0,15.0,23.0,33.0,26.0,26.0,16.0,26.0,13.0,33.0,0.75,20,20.5,0.28,21.0,1,,,26.0,15.0,5.0,0.3,10.0,,1.0,1.0,1.0,3.0,1.0,1.0,0.75,A2,,A3,N1,F1,5.0,15.0,5.0,15.0,26.0,,,,,,,,,,,,,,0,6,1,wheg36z2,,,,,,0
17,sbdutvye,SSEL_B_19,0,803,821,csr_3_stageT,10,FinalResults2,10.224.76.67,2017-05-22 06:39:01.064223+00:00,0,1,,,75,2,F,5.0,15.0,23.0,33.0,26.0,26.0,16.0,26.0,13.0,33.0,0.75,20,20.5,0.145,18.0,1,,,33.0,15.0,5.0,0.3,10.0,,1.0,1.0,1.0,3.0,1.0,1.0,0.75,,F2,,N2,A3,5.0,5.0,5.0,15.0,33.0,,,,,,,,,,,,,,0,5,1,wheg36z2,,,,,,0
18,bzt232iz,SSEL_B_16,0,803,821,csr_3_stageT,10,FinalResults2,10.224.77.185,2017-05-22 06:39:02.641713+00:00,0,1,,,80,2,F,5.0,15.0,23.0,33.0,26.0,26.0,16.0,26.0,13.0,33.0,0.75,20,29.14,0.05,18.0,1,,,33.0,15.0,5.0,0.3,10.0,,1.0,1.0,1.0,3.0,1.0,1.0,0.75,,F2,,N2,A1,5.0,5.0,5.0,15.0,33.0,,,,,,,,,,,,,,0,1,1,wheg36z2,,,,,,0
19,ekbiybc6,SSEL_B_17,0,803,821,csr_3_stageT,10,FinalResults2,10.224.76.140,2017-05-22 06:39:06.744790+00:00,0,1,,,75,2,F,5.0,15.0,23.0,33.0,26.0,26.0,16.0,26.0,13.0,33.0,0.75,20,19.5,0.2,18.0,1,,,33.0,15.0,5.0,0.3,10.0,,1.0,1.0,1.0,3.0,1.0,1.0,0.75,,F2,,N2,A3,5.0,5.0,5.0,15.0,33.0,,,,,,,,,,,,,,0,8,1,wheg36z2,,,,,,0
20,7pyi0chy,SSEL_B_20,0,803,821,csr_3_stageT,10,FinalResults2,10.224.76.136,2017-05-22 06:39:06.769581+00:00,0,1,,,70,2,F,5.0,15.0,23.0,33.0,26.0,26.0,16.0,26.0,13.0,33.0,0.75,20,17.34,0.189,21.0,1,,,26.0,15.0,5.0,0.3,10.0,,1.0,1.0,1.0,3.0,1.0,1.0,0.75,,F1,,N1,F1,15.0,5.0,5.0,15.0,26.0,,,,,,,,,,,,,,0,7,1,wheg36z2,,,,,,0
1,yc7mtep7,SSEL_B_01,0,803,821,csr_3_stageT,10,FinalResults2,10.224.77.117,2017-05-22 06:37:07.958415+00:00,0,1,,,60,1,A,,,,,,,,,,,,,,,18.0,2,,,23.0,15.0,5.0,0.3,10.0,,1.0,1.0,1.0,3.0,1.0,1.0,0.75,A2,,A3,N1,A3,5.0,15.0,15.0,5.0,23.0,,,,,,,,,,,,,,0,2,2,wheg36z2,,,,,,0
2,2ccmbtvh,SSEL_B_02,0,803,821,csr_3_stageT,10,FinalResults2,10.224.76.142,2017-05-22 06:37:15.132664+00:00,0,1,,,85,2,F,,,,,,,,,,,,,,,21.0,2,,,26.0,15.0,5.0,0.3,10.0,,1.0,1.0,1.0,3.0,1.0,1.0,0.75,,F2,,N1,N1,15.0,5.0,5.0,15.0,26.0,,,,,,,,,,,,,,0,3,2,wheg36z2,,,,,,0
3,n075zyx5,SSEL_B_03,0,803,821,csr_3_stageT,10,FinalResults2,10.224.77.115,2017-05-22 06:37:31.590088+00:00,0,1,,,50,1,A,,,,,,,,,,,,,,,18.0,2,,,23.0,15.0,5.0,0.3,10.0,,1.0,1.0,1.0,3.0,1.0,1.0,0.75,A1,,A3,N1,A1,5.0,15.0,15.0,5.0,23.0,,,,,,,,,,,,,,0,5,2,wheg36z2,,,,,,0
4,sn7zoalz,SSEL_B_04,0,803,821,csr_3_stageT,10,FinalResults2,10.224.76.198,2017-05-22 06:37:40.467183+00:00,0,1,,,65,1,A,,,,,,,,,,,,,,,21.0,2,,,16.0,15.0,5.0,0.3,10.0,,1.0,1.0,1.0,3.0,1.0,1.0,0.75,A2,,A4,N1,N1,5.0,15.0,5.0,15.0,16.0,,,,,,,,,,,,,,0,3,2,wheg36z2,,,,,,0
5,yw177pu2,SSEL_B_05,0,803,821,csr_3_stageT,10,FinalResults2,10.224.76.71,2017-05-22 06:37:46.856588+00:00,0,1,,,65,1,A,,,,,,,,,,,,,,,21.0,2,,,26.0,15.0,5.0,0.3,10.0,,1.0,1.0,1.0,3.0,1.0,1.0,0.75,A2,,A3,N1,F1,5.0,15.0,5.0,15.0,26.0,,,,,,,,,,,,,,0,10,2,wheg36z2,,,,,,0
6,mw3d6c72,SSEL_B_07,0,803,821,csr_3_stageT,10,FinalResults2,10.224.76.220,2017-05-22 06:38:06.830419+00:00,0,1,,,65,1,A,,,,,,,,,,,,,,,21.0,2,,,26.0,15.0,5.0,0.3,10.0,,1.0,1.0,1.0,3.0,1.0,1.0,0.75,A2,,A3,N1,F1,5.0,15.0,5.0,15.0,26.0,,,,,,,,,,,,,,0,7,2,wheg36z2,,,,,,0
7,c7ssmw0g,SSEL_B_08,0,803,821,csr_3_stageT,10,FinalResults2,10.224.77.202,2017-05-22 06:38:13.171572+00:00,0,1,,,75,2,F,,,,,,,,,,,,,,,21.0,2,,,26.0,15.0,5.0,0.3,10.0,,1.0,1.0,1.0,3.0,1.0,1.0,0.75,,F1,,N1,F1,15.0,5.0,5.0,15.0,26.0,,,,,,,,,,,,,,0,10,2,wheg36z2,,,,,,0
8,jr7hrd3s,SSEL_B_09,0,803,821,csr_3_stageT,10,FinalResults2,10.224.76.120,2017-05-22 06:38:19.268794+00:00,0,1,,,55,1,A,,,,,,,,,,,,,,,21.0,2,,,16.0,15.0,5.0,0.3,10.0,,1.0,1.0,1.0,3.0,1.0,1.0,0.75,A2,,A4,N1,N1,5.0,15.0,5.0,15.0,16.0,,,,,,,,,,,,,,0,1,2,wheg36z2,,,,,,0
9,am33fy92,SSEL_B_06,0,803,821,csr_3_stageT,10,FinalResults2,10.224.77.203,2017-05-22 06:38:34.314065+00:00,0,1,,,75,2,F,,,,,,,,,,,,,,,18.0,2,,,33.0,15.0,5.0,0.3,10.0,,1.0,1.0,1.0,3.0,1.0,1.0,0.75,,F2,,N2,A3,5.0,5.0,5.0,15.0,33.0,,,,,,,,,,,,,,0,9,2,wheg36z2,,,,,,0
10,n8fskdr0,SSEL_B_10,0,803,821,csr_3_stageT,10,FinalResults2,10.224.77.174,2017-05-22 06:38:29.047341+00:00,0,1,,,80,2,F,,,,,,,,,,,,,,,18.0,2,,,33.0,15.0,5.0,0.3,10.0,,1.0,1.0,1.0,3.0,1.0,1.0,0.75,,F2,,N2,A3,5.0,5.0,5.0,15.0,33.0,,,,,,,,,,,,,,0,6,2,wheg36z2,,,,,,0
11,gjjzypw0,SSEL_B_11,0,803,821,csr_3_stageT,10,FinalResults2,10.224.76.26,2017-05-22 06:38:34.668819+00:00,0,1,,,65,1,A,,,,,,,,,,,,,,,21.0,2,,,26.0,15.0,5.0,0.3,10.0,,1.0,1.0,1.0,3.0,1.0,1.0,0.75,A2,,A3,N1,F1,5.0,15.0,5.0,15.0,26.0,,,,,,,,,,,,,,0,8,2,wheg36z2,,,,,,0
12,jh0jvyqx,SSEL_B_12,0,803,821,csr_3_stageT,10,FinalResults2,10.224.76.104,2017-05-22 06:38:49.329304+00:00,0,1,,,65,1,A,,,,,,,,,,,,,,,18.0,2,,,23.0,15.0,5.0,0.3,10.0,,1.0,1.0,1.0,3.0,1.0,1.0,0.75,A2,,A3,N2,A3,5.0,15.0,15.0,5.0,23.0,,,,,,,,,,,,,,0,9,2,wheg36z2,,,,,,0
13,ralqn835,SSEL_B_13,0,803,821,csr_3_stageT,10,FinalResults2,10.224.76.188,2017-05-22 06:38:53.245680+00:00,0,1,,,65,2,F,,,,,,,,,,,,,,,18.0,2,,,33.0,15.0,5.0,0.3,10.0,,1.0,1.0,1.0,3.0,1.0,1.0,0.75,,F2,,N1,A3,5.0,5.0,5.0,15.0,33.0,,,,,,,,,,,,,,0,2,2,wheg36z2,,,,,,0
14,p0jrt99e,SSEL_B_14,0,803,821,csr_3_stageT,10,FinalResults2,10.224.77.130,2017-05-22 06:38:54.752662+00:00,0,1,,,55,1,A,,,,,,,,,,,,,,,21.0,2,,,16.0,15.0,5.0,0.3,10.0,,1.0,1.0,1.0,3.0,1.0,1.0,0.75,A2,,A4,N1,N1,5.0,15.0,5.0,15.0,16.0,,,,,,,,,,,,,,0,4,2,wheg36z2,,,,,,0
15,sopbgk2i,SSEL_B_18,0,803,821,csr_3_stageT,10,FinalResults2,10.224.77.145,2017-05-22 06:38:55.773255+00:00,0,1,,,75,2,F,,,,,,,,,,,,,,,21.0,2,,,26.0,15.0,5.0,0.3,10.0,,1.0,1.0,1.0,3.0,1.0,1.0,0.75,,F2,,N1,N1,15.0,5.0,5.0,15.0,26.0,,,,,,,,,,,,,,0,4,2,wheg36z2,,,,,,0
16,z8yh3j3m,SSEL_B_15,0,803,821,csr_3_stageT,10,FinalResults2,10.224.76.62,2017-05-22 06:39:00.445795+00:00,0,1,,,65,1,A,,,,,,,,,,,,,,,18.0,2,,,23.0,15.0,5.0,0.3,10.0,,1.0,1.0,1.0,3.0,1.0,1.0,0.75,A2,,A3,N2,A3,5.0,15.0,15.0,5.0,23.0,,,,,,,,,,,,,,0,6,2,wheg36z2,,,,,,0
17,sbdutvye,SSEL_B_19,0,803,821,csr_3_stageT,10,FinalResults2,10.224.76.67,2017-05-22 06:39:01.064223+00:00,0,1,,,75,2,F,,,,,,,,,,,,,,,18.0,2,,,33.0,15.0,5.0,0.3,10.0,,1.0,1.0,1.0,3.0,1.0,1.0,0.75,,F1,,N1,A1,5.0,5.0,5.0,15.0,33.0,,,,,,,,,,,,,,0,5,2,wheg36z2,,,,,,0
18,bzt232iz,SSEL_B_16,0,803,821,csr_3_stageT,10,FinalResults2,10.224.77.185,2017-05-22 06:39:02.641713+00:00,0,1,,,80,2,F,,,,,,,,,,,,,,,21.0,2,,,26.0,15.0,5.0,0.3,10.0,,1.0,1.0,1.0,3.0,1.0,1.0,0.75,,F2,,N1,N1,15.0,5.0,5.0,15.0,26.0,,,,,,,,,,,,,,0,1,2,wheg36z2,,,,,,0
19,ekbiybc6,SSEL_B_17,0,803,821,csr_3_stageT,10,FinalResults2,10.224.76.140,2017-05-22 06:39:06.744790+00:00,0,1,,,75,2,F,,,,,,,,,,,,,,,21.0,2,,,26.0,15.0,5.0,0.3,10.0,,1.0,1.0,1.0,3.0,1.0,1.0,0.75,,F1,,N1,F1,15.0,5.0,5.0,15.0,26.0,,,,,,,,,,,,,,0,8,2,wheg36z2,,,,,,0
20,7pyi0chy,SSEL_B_20,0,803,821,csr_3_stageT,10,FinalResults2,10.224.76.136,2017-05-22 06:39:06.769581+00:00,0,1,,,70,2,F,,,,,,,,,,,,,,,21.0,2,,,26.0,15.0,5.0,0.3,10.0,,1.0,1.0,1.0,3.0,1.0,1.0,0.75,,F1,,N1,F1,15.0,5.0,5.0,15.0,26.0,,,,,,,,,,,,,,0,7,2,wheg36z2,,,,,,0
1,yc7mtep7,SSEL_B_01,0,803,821,csr_3_stageT,10,FinalResults2,10.224.77.117,2017-05-22 06:37:07.958415+00:00,0,1,,,60,1,A,,,,,,,,,,,,,,,18.0,3,,,23.0,15.0,5.0,0.3,10.0,,1.0,1.0,1.0,3.0,1.0,1.0,0.75,A2,,A3,N1,A3,5.0,15.0,15.0,5.0,23.0,,,,,,,,,,,,,,0,2,3,wheg36z2,,,,,,0
2,2ccmbtvh,SSEL_B_02,0,803,821,csr_3_stageT,10,FinalResults2,10.224.76.142,2017-05-22 06:37:15.132664+00:00,0,1,,,85,2,F,,,,,,,,,,,,,,,18.0,3,,,33.0,15.0,5.0,0.3,10.0,,1.0,1.0,1.0,3.0,1.0,1.0,0.75,,F2,,N2,A1,5.0,5.0,5.0,15.0,33.0,,,,,,,,,,,,,,0,3,3,wheg36z2,,,,,,0
3,n075zyx5,SSEL_B_03,0,803,821,csr_3_stageT,10,FinalResults2,10.224.77.115,2017-05-22 06:37:31.590088+00:00,0,1,,,50,1,A,,,,,,,,,,,,,,,18.0,3,,,23.0,15.0,5.0,0.3,10.0,,1.0,1.0,1.0,3.0,1.0,1.0,0.75,A1,,A3,N1,A1,5.0,15.0,15.0,5.0,23.0,,,,,,,,,,,,,,0,5,3,wheg36z2,,,,,,0
4,sn7zoalz,SSEL_B_04,0,803,821,csr_3_stageT,10,FinalResults2,10.224.76.198,2017-05-22 06:37:40.467183+00:00,0,1,,,65,1,A,,,,,,,,,,,,,,,18.0,3,,,23.0,15.0,5.0,0.3,10.0,,1.0,1.0,1.0,3.0,1.0,1.0,0.75,A1,,A3,N2,A1,5.0,15.0,15.0,5.0,23.0,,,,,,,,,,,,,,0,3,3,wheg36z2,,,,,,0
5,yw177pu2,SSEL_B_05,0,803,821,csr_3_stageT,10,FinalResults2,10.224.76.71,2017-05-22 06:37:46.856588+00:00,0,1,,,65,1,A,,,,,,,,,,,,,,,18.0,3,,,23.0,15.0,5.0,0.3,10.0,,1.0,1.0,1.0,3.0,1.0,1.0,0.75,A2,,A3,N1,A3,5.0,15.0,15.0,5.0,23.0,,,,,,,,,,,,,,0,10,3,wheg36z2,,,,,,0
6,mw3d6c72,SSEL_B_07,0,803,821,csr_3_stageT,10,FinalResults2,10.224.76.220,2017-05-22 06:38:06.830419+00:00,0,1,,,65,1,A,,,,,,,,,,,,,,,21.0,3,,,26.0,15.0,5.0,0.3,10.0,,1.0,1.0,1.0,3.0,1.0,1.0,0.75,A2,,A3,N1,F1,5.0,15.0,5.0,15.0,26.0,,,,,,,,,,,,,,0,7,3,wheg36z2,,,,,,0
7,c7ssmw0g,SSEL_B_08,0,803,821,csr_3_stageT,10,FinalResults2,10.224.77.202,2017-05-22 06:38:13.171572+00:00,0,1,,,75,2,F,,,,,,,,,,,,,,,18.0,3,,,33.0,15.0,5.0,0.3,10.0,,1.0,1.0,1.0,3.0,1.0,1.0,0.75,,F2,,N1,A3,5.0,5.0,5.0,15.0,33.0,,,,,,,,,,,,,,0,10,3,wheg36z2,,,,,,0
8,jr7hrd3s,SSEL_B_09,0,803,821,csr_3_stageT,10,FinalResults2,10.224.76.120,2017-05-22 06:38:19.268794+00:00,0,1,,,55,1,A,,,,,,,,,,,,,,,18.0,3,,,23.0,15.0,5.0,0.3,10.0,,1.0,1.0,1.0,3.0,1.0,1.0,0.75,A1,,A3,N1,A1,5.0,15.0,15.0,5.0,23.0,,,,,,,,,,,,,,0,1,3,wheg36z2,,,,,,0
9,am33fy92,SSEL_B_06,0,803,821,csr_3_stageT,10,FinalResults2,10.224.77.203,2017-05-22 06:38:34.314065+00:00,0,1,,,75,2,F,,,,,,,,,,,,,,,18.0,3,,,33.0,15.0,5.0,0.3,10.0,,1.0,1.0,1.0,3.0,1.0,1.0,0.75,,F2,,N1,A3,5.0,5.0,5.0,15.0,33.0,,,,,,,,,,,,,,0,9,3,wheg36z2,,,,,,0
10,n8fskdr0,SSEL_B_10,0,803,821,csr_3_stageT,10,FinalResults2,10.224.77.174,2017-05-22 06:38:29.047341+00:00,0,1,,,80,2,F,,,,,,,,,,,,,,,18.0,3,,,33.0,15.0,5.0,0.3,10.0,,1.0,1.0,1.0,3.0,1.0,1.0,0.75,,F2,,N1,A1,5.0,5.0,5.0,15.0,33.0,,,,,,,,,,,,,,0,6,3,wheg36z2,,,,,,0
11,gjjzypw0,SSEL_B_11,0,803,821,csr_3_stageT,10,FinalResults2,10.224.76.26,2017-05-22 06:38:34.668819+00:00,0,1,,,65,1,A,,,,,,,,,,,,,,,18.0,3,,,23.0,15.0,5.0,0.3,10.0,,1.0,1.0,1.0,3.0,1.0,1.0,0.75,A2,,A3,N1,A3,5.0,15.0,15.0,5.0,23.0,,,,,,,,,,,,,,0,8,3,wheg36z2,,,,,,0
12,jh0jvyqx,SSEL_B_12,0,803,821,csr_3_stageT,10,FinalResults2,10.224.76.104,2017-05-22 06:38:49.329304+00:00,0,1,,,65,1,A,,,,,,,,,,,,,,,18.0,3,,,23.0,15.0,5.0,0.3,10.0,,1.0,1.0,1.0,3.0,1.0,1.0,0.75,A2,,A3,N1,A3,5.0,15.0,15.0,5.0,23.0,,,,,,,,,,,,,,0,9,3,wheg36z2,,,,,,0
13,ralqn835,SSEL_B_13,0,803,821,csr_3_stageT,10,FinalResults2,10.224.76.188,2017-05-22 06:38:53.245680+00:00,0,1,,,65,2,F,,,,,,,,,,,,,,,18.0,3,,,33.0,15.0,5.0,0.3,10.0,,1.0,1.0,1.0,3.0,1.0,1.0,0.75,,F2,,N1,A3,5.0,5.0,5.0,15.0,33.0,,,,,,,,,,,,,,0,2,3,wheg36z2,,,,,,0
14,p0jrt99e,SSEL_B_14,0,803,821,csr_3_stageT,10,FinalResults2,10.224.77.130,2017-05-22 06:38:54.752662+00:00,0,1,,,55,1,A,,,,,,,,,,,,,,,21.0,3,,,16.0,15.0,5.0,0.3,10.0,,1.0,1.0,1.0,3.0,1.0,1.0,0.75,A2,,A4,N1,N1,5.0,15.0,5.0,15.0,16.0,,,,,,,,,,,,,,0,4,3,wheg36z2,,,,,,0
15,sopbgk2i,SSEL_B_18,0,803,821,csr_3_stageT,10,FinalResults2,10.224.77.145,2017-05-22 06:38:55.773255+00:00,0,1,,,75,2,F,,,,,,,,,,,,,,,21.0,3,,,26.0,15.0,5.0,0.3,10.0,,1.0,1.0,1.0,3.0,1.0,1.0,0.75,,F2,,N1,N1,15.0,5.0,5.0,15.0,26.0,,,,,,,,,,,,,,0,4,3,wheg36z2,,,,,,0
16,z8yh3j3m,SSEL_B_15,0,803,821,csr_3_stageT,10,FinalResults2,10.224.76.62,2017-05-22 06:39:00.445795+00:00,0,1,,,65,1,A,,,,,,,,,,,,,,,18.0,3,,,23.0,15.0,5.0,0.3,10.0,,1.0,1.0,1.0,3.0,1.0,1.0,0.75,A1,,A3,N1,A1,5.0,15.0,15.0,5.0,23.0,,,,,,,,,,,,,,0,6,3,wheg36z2,,,,,,0
17,sbdutvye,SSEL_B_19,0,803,821,csr_3_stageT,10,FinalResults2,10.224.76.67,2017-05-22 06:39:01.064223+00:00,0,1,,,75,2,F,,,,,,,,,,,,,,,18.0,3,,,33.0,15.0,5.0,0.3,10.0,,1.0,1.0,1.0,3.0,1.0,1.0,0.75,,F1,,N1,A1,5.0,5.0,5.0,15.0,33.0,,,,,,,,,,,,,,0,5,3,wheg36z2,,,,,,0
18,bzt232iz,SSEL_B_16,0,803,821,csr_3_stageT,10,FinalResults2,10.224.77.185,2017-05-22 06:39:02.641713+00:00,0,1,,,80,2,F,,,,,,,,,,,,,,,18.0,3,,,33.0,15.0,5.0,0.3,10.0,,1.0,1.0,1.0,3.0,1.0,1.0,0.75,,F2,,N1,A1,5.0,5.0,5.0,15.0,33.0,,,,,,,,,,,,,,0,1,3,wheg36z2,,,,,,0
19,ekbiybc6,SSEL_B_17,0,803,821,csr_3_stageT,10,FinalResults2,10.224.76.140,2017-05-22 06:39:06.744790+00:00,0,1,,,75,2,F,,,,,,,,,,,,,,,18.0,3,,,33.0,15.0,5.0,0.3,10.0,,1.0,1.0,1.0,3.0,1.0,1.0,0.75,,F2,,N1,A3,5.0,5.0,5.0,15.0,33.0,,,,,,,,,,,,,,0,8,3,wheg36z2,,,,,,0
20,7pyi0chy,SSEL_B_20,0,803,821,csr_3_stageT,10,FinalResults2,10.224.76.136,2017-05-22 06:39:06.769581+00:00,0,1,,,70,2,F,,,,,,,,,,,,,,,21.0,3,,,26.0,15.0,5.0,0.3,10.0,,1.0,1.0,1.0,3.0,1.0,1.0,0.75,,F1,,N1,F1,15.0,5.0,5.0,15.0,26.0,,,,,,,,,,,,,,0,7,3,wheg36z2,,,,,,0
1,yc7mtep7,SSEL_B_01,0,803,821,csr_3_stageT,10,FinalResults2,10.224.77.117,2017-05-22 06:37:07.958415+00:00,0,1,,,60,1,A,,,,,,,,,,,,,,,18.0,4,,,23.0,15.0,5.0,0.3,10.0,,1.0,1.0,1.0,3.0,1.0,1.0,0.75,A2,,A3,N1,A3,5.0,15.0,15.0,5.0,23.0,,,,,,,,,,,,,,0,2,4,wheg36z2,,,,,,0
2,2ccmbtvh,SSEL_B_02,0,803,821,csr_3_stageT,10,FinalResults2,10.224.76.142,2017-05-22 06:37:15.132664+00:00,0,1,,,85,2,F,,,,,,,,,,,,,,,18.0,4,,,33.0,15.0,5.0,0.3,10.0,,1.0,1.0,1.0,3.0,1.0,1.0,0.75,,F2,,N2,N2,5.0,5.0,5.0,15.0,33.0,,,,,,,,,,,,,,0,3,4,wheg36z2,,,,,,0
3,n075zyx5,SSEL_B_03,0,803,821,csr_3_stageT,10,FinalResults2,10.224.77.115,2017-05-22 06:37:31.590088+00:00,0,1,,,50,1,A,,,,,,,,,,,,,,,18.0,4,,,23.0,15.0,5.0,0.3,10.0,,1.0,1.0,1.0,3.0,1.0,1.0,0.75,A1,,A3,N2,A1,5.0,15.0,15.0,5.0,23.0,,,,,,,,,,,,,,0,5,4,wheg36z2,,,,,,0
4,sn7zoalz,SSEL_B_04,0,803,821,csr_3_stageT,10,FinalResults2,10.224.76.198,2017-05-22 06:37:40.467183+00:00,0,1,,,65,1,A,,,,,,,,,,,,,,,18.0,4,,,13.0,15.0,5.0,0.3,10.0,,1.0,1.0,1.0,3.0,1.0,1.0,0.75,A2,,A4,N2,N2,5.0,15.0,15.0,5.0,13.0,,,,,,,,,,,,,,0,3,4,wheg36z2,,,,,,0
5,yw177pu2,SSEL_B_05,0,803,821,csr_3_stageT,10,FinalResults2,10.224.76.71,2017-05-22 06:37:46.856588+00:00,0,1,,,65,1,A,,,,,,,,,,,,,,,18.0,4,,,23.0,15.0,5.0,0.3,10.0,,1.0,1.0,1.0,3.0,1.0,1.0,0.75,A2,,A3,N1,A3,5.0,15.0,15.0,5.0,23.0,,,,,,,,,,,,,,0,10,4,wheg36z2,,,,,,0
6,mw3d6c72,SSEL_B_07,0,803,821,csr_3_stageT,10,FinalResults2,10.224.76.220,2017-05-22 06:38:06.830419+00:00,0,1,,,65,1,A,,,,,,,,,,,,,,,18.0,4,,,23.0,15.0,5.0,0.3,10.0,,1.0,1.0,1.0,3.0,1.0,1.0,0.75,A2,,A3,N2,A3,5.0,15.0,15.0,5.0,23.0,,,,,,,,,,,,,,0,7,4,wheg36z2,,,,,,0
7,c7ssmw0g,SSEL_B_08,0,803,821,csr_3_stageT,10,FinalResults2,10.224.77.202,2017-05-22 06:38:13.171572+00:00,0,1,,,75,2,F,,,,,,,,,,,,,,,18.0,4,,,33.0,15.0,5.0,0.3,10.0,,1.0,1.0,1.0,3.0,1.0,1.0,0.75,,F2,,N1,A3,5.0,5.0,5.0,15.0,33.0,,,,,,,,,,,,,,0,10,4,wheg36z2,,,,,,0
8,jr7hrd3s,SSEL_B_09,0,803,821,csr_3_stageT,10,FinalResults2,10.224.76.120,2017-05-22 06:38:19.268794+00:00,0,1,,,55,1,A,,,,,,,,,,,,,,,18.0,4,,,23.0,15.0,5.0,0.3,10.0,,1.0,1.0,1.0,3.0,1.0,1.0,0.75,A1,,A3,N2,A1,5.0,15.0,15.0,5.0,23.0,,,,,,,,,,,,,,0,1,4,wheg36z2,,,,,,0
9,am33fy92,SSEL_B_06,0,803,821,csr_3_stageT,10,FinalResults2,10.224.77.203,2017-05-22 06:38:34.314065+00:00,0,1,,,75,2,F,,,,,,,,,,,,,,,18.0,4,,,33.0,15.0,5.0,0.3,10.0,,1.0,1.0,1.0,3.0,1.0,1.0,0.75,,F2,,N1,A3,5.0,5.0,5.0,15.0,33.0,,,,,,,,,,,,,,0,9,4,wheg36z2,,,,,,0
10,n8fskdr0,SSEL_B_10,0,803,821,csr_3_stageT,10,FinalResults2,10.224.77.174,2017-05-22 06:38:29.047341+00:00,0,1,,,80,2,F,,,,,,,,,,,,,,,18.0,4,,,33.0,15.0,5.0,0.3,10.0,,1.0,1.0,1.0,3.0,1.0,1.0,0.75,,F2,,N1,A3,5.0,5.0,5.0,15.0,33.0,,,,,,,,,,,,,,0,6,4,wheg36z2,,,,,,0
11,gjjzypw0,SSEL_B_11,0,803,821,csr_3_stageT,10,FinalResults2,10.224.76.26,2017-05-22 06:38:34.668819+00:00,0,1,,,65,1,A,,,,,,,,,,,,,,,18.0,4,,,23.0,15.0,5.0,0.3,10.0,,1.0,1.0,1.0,3.0,1.0,1.0,0.75,A2,,A3,N1,A3,5.0,15.0,15.0,5.0,23.0,,,,,,,,,,,,,,0,8,4,wheg36z2,,,,,,0
12,jh0jvyqx,SSEL_B_12,0,803,821,csr_3_stageT,10,FinalResults2,10.224.76.104,2017-05-22 06:38:49.329304+00:00,0,1,,,65,1,A,,,,,,,,,,,,,,,18.0,4,,,23.0,15.0,5.0,0.3,10.0,,1.0,1.0,1.0,3.0,1.0,1.0,0.75,A2,,A3,N1,A3,5.0,15.0,15.0,5.0,23.0,,,,,,,,,,,,,,0,9,4,wheg36z2,,,,,,0
13,ralqn835,SSEL_B_13,0,803,821,csr_3_stageT,10,FinalResults2,10.224.76.188,2017-05-22 06:38:53.245680+00:00,0,1,,,65,2,F,,,,,,,,,,,,,,,18.0,4,,,33.0,15.0,5.0,0.3,10.0,,1.0,1.0,1.0,3.0,1.0,1.0,0.75,,F2,,N1,A3,5.0,5.0,5.0,15.0,33.0,,,,,,,,,,,,,,0,2,4,wheg36z2,,,,,,0
14,p0jrt99e,SSEL_B_14,0,803,821,csr_3_stageT,10,FinalResults2,10.224.77.130,2017-05-22 06:38:54.752662+00:00,0,1,,,55,1,A,,,,,,,,,,,,,,,18.0,4,,,23.0,15.0,5.0,0.3,10.0,,1.0,1.0,1.0,3.0,1.0,1.0,0.75,A2,,A3,N2,A3,5.0,15.0,15.0,5.0,23.0,,,,,,,,,,,,,,0,4,4,wheg36z2,,,,,,0
15,sopbgk2i,SSEL_B_18,0,803,821,csr_3_stageT,10,FinalResults2,10.224.77.145,2017-05-22 06:38:55.773255+00:00,0,1,,,75,2,F,,,,,,,,,,,,,,,18.0,4,,,33.0,15.0,5.0,0.3,10.0,,1.0,1.0,1.0,3.0,1.0,1.0,0.75,,F2,,N2,A3,5.0,5.0,5.0,15.0,33.0,,,,,,,,,,,,,,0,4,4,wheg36z2,,,,,,0
16,z8yh3j3m,SSEL_B_15,0,803,821,csr_3_stageT,10,FinalResults2,10.224.76.62,2017-05-22 06:39:00.445795+00:00,0,1,,,65,1,A,,,,,,,,,,,,,,,18.0,4,,,23.0,15.0,5.0,0.3,10.0,,1.0,1.0,1.0,3.0,1.0,1.0,0.75,A2,,A3,N1,A3,5.0,15.0,15.0,5.0,23.0,,,,,,,,,,,,,,0,6,4,wheg36z2,,,,,,0
17,sbdutvye,SSEL_B_19,0,803,821,csr_3_stageT,10,FinalResults2,10.224.76.67,2017-05-22 06:39:01.064223+00:00,0,1,,,75,2,F,,,,,,,,,,,,,,,18.0,4,,,33.0,15.0,5.0,0.3,10.0,,1.0,1.0,1.0,3.0,1.0,1.0,0.75,,F2,,N2,A1,5.0,5.0,5.0,15.0,33.0,,,,,,,,,,,,,,0,5,4,wheg36z2,,,,,,0
18,bzt232iz,SSEL_B_16,0,803,821,csr_3_stageT,10,FinalResults2,10.224.77.185,2017-05-22 06:39:02.641713+00:00,0,1,,,80,2,F,,,,,,,,,,,,,,,18.0,4,,,33.0,15.0,5.0,0.3,10.0,,1.0,1.0,1.0,3.0,1.0,1.0,0.75,,F2,,N2,A1,5.0,5.0,5.0,15.0,33.0,,,,,,,,,,,,,,0,1,4,wheg36z2,,,,,,0
19,ekbiybc6,SSEL_B_17,0,803,821,csr_3_stageT,10,FinalResults2,10.224.76.140,2017-05-22 06:39:06.744790+00:00,0,1,,,75,2,F,,,,,,,,,,,,,,,18.0,4,,,33.0,15.0,5.0,0.3,10.0,,1.0,1.0,1.0,3.0,1.0,1.0,0.75,,F2,,N1,A3,5.0,5.0,5.0,15.0,33.0,,,,,,,,,,,,,,0,8,4,wheg36z2,,,,,,0
20,7pyi0chy,SSEL_B_20,0,803,821,csr_3_stageT,10,FinalResults2,10.224.76.136,2017-05-22 06:39:06.769581+00:00,0,1,,,70,2,F,,,,,,,,,,,,,,,18.0,4,,,33.0,15.0,5.0,0.3,10.0,,1.0,1.0,1.0,3.0,1.0,1.0,0.75,,F2,,N2,A3,5.0,5.0,5.0,15.0,33.0,,,,,,,,,,,,,,0,7,4,wheg36z2,,,,,,0
1,yc7mtep7,SSEL_B_01,0,803,821,csr_3_stageT,10,FinalResults2,10.224.77.117,2017-05-22 06:37:07.958415+00:00,0,1,,,60,1,A,,,,,,,,,,,,,,,21.0,5,,,16.0,15.0,5.0,0.3,10.0,,1.0,1.0,1.0,3.0,1.0,1.0,0.75,A2,,A4,N1,N1,5.0,15.0,5.0,15.0,16.0,,,,,,,,,,,,,,0,2,5,wheg36z2,,,,,,0
2,2ccmbtvh,SSEL_B_02,0,803,821,csr_3_stageT,10,FinalResults2,10.224.76.142,2017-05-22 06:37:15.132664+00:00,0,1,,,85,2,F,,,,,,,,,,,,,,,18.0,5,,,33.0,15.0,5.0,0.3,10.0,,1.0,1.0,1.0,3.0,1.0,1.0,0.75,,F2,,N1,A3,5.0,5.0,5.0,15.0,33.0,,,,,,,,,,,,,,0,3,5,wheg36z2,,,,,,0
3,n075zyx5,SSEL_B_03,0,803,821,csr_3_stageT,10,FinalResults2,10.224.77.115,2017-05-22 06:37:31.590088+00:00,0,1,,,50,1,A,,,,,,,,,,,,,,,18.0,5,,,23.0,15.0,5.0,0.3,10.0,,1.0,1.0,1.0,3.0,1.0,1.0,0.75,A1,,A3,N1,A1,5.0,15.0,15.0,5.0,23.0,,,,,,,,,,,,,,0,5,5,wheg36z2,,,,,,0
4,sn7zoalz,SSEL_B_04,0,803,821,csr_3_stageT,10,FinalResults2,10.224.76.198,2017-05-22 06:37:40.467183+00:00,0,1,,,65,1,A,,,,,,,,,,,,,,,18.0,5,,,23.0,15.0,5.0,0.3,10.0,,1.0,1.0,1.0,3.0,1.0,1.0,0.75,A2,,A3,N1,A3,5.0,15.0,15.0,5.0,23.0,,,,,,,,,,,,,,0,3,5,wheg36z2,,,,,,0
5,yw177pu2,SSEL_B_05,0,803,821,csr_3_stageT,10,FinalResults2,10.224.76.71,2017-05-22 06:37:46.856588+00:00,0,1,,,65,1,A,,,,,,,,,,,,,,,18.0,5,,,23.0,15.0,5.0,0.3,10.0,,1.0,1.0,1.0,3.0,1.0,1.0,0.75,A2,,A3,N1,A3,5.0,15.0,15.0,5.0,23.0,,,,,,,,,,,,,,0,10,5,wheg36z2,,,,,,0
6,mw3d6c72,SSEL_B_07,0,803,821,csr_3_stageT,10,FinalResults2,10.224.76.220,2017-05-22 06:38:06.830419+00:00,0,1,,,65,1,A,,,,,,,,,,,,,,,18.0,5,,,23.0,15.0,5.0,0.3,10.0,,1.0,1.0,1.0,3.0,1.0,1.0,0.75,A2,,A3,N2,A3,5.0,15.0,15.0,5.0,23.0,,,,,,,,,,,,,,0,7,5,wheg36z2,,,,,,0
7,c7ssmw0g,SSEL_B_08,0,803,821,csr_3_stageT,10,FinalResults2,10.224.77.202,2017-05-22 06:38:13.171572+00:00,0,1,,,75,2,F,,,,,,,,,,,,,,,18.0,5,,,33.0,15.0,5.0,0.3,10.0,,1.0,1.0,1.0,3.0,1.0,1.0,0.75,,F2,,N1,A3,5.0,5.0,5.0,15.0,33.0,,,,,,,,,,,,,,0,10,5,wheg36z2,,,,,,0
8,jr7hrd3s,SSEL_B_09,0,803,821,csr_3_stageT,10,FinalResults2,10.224.76.120,2017-05-22 06:38:19.268794+00:00,0,1,,,55,1,A,,,,,,,,,,,,,,,18.0,5,,,23.0,15.0,5.0,0.3,10.0,,1.0,1.0,1.0,3.0,1.0,1.0,0.75,A2,,A3,N2,A3,5.0,15.0,15.0,5.0,23.0,,,,,,,,,,,,,,0,1,5,wheg36z2,,,,,,0
9,am33fy92,SSEL_B_06,0,803,821,csr_3_stageT,10,FinalResults2,10.224.77.203,2017-05-22 06:38:34.314065+00:00,0,1,,,75,2,F,,,,,,,,,,,,,,,18.0,5,,,33.0,15.0,5.0,0.3,10.0,,1.0,1.0,1.0,3.0,1.0,1.0,0.75,,F2,,N1,A3,5.0,5.0,5.0,15.0,33.0,,,,,,,,,,,,,,0,9,5,wheg36z2,,,,,,0
10,n8fskdr0,SSEL_B_10,0,803,821,csr_3_stageT,10,FinalResults2,10.224.77.174,2017-05-22 06:38:29.047341+00:00,0,1,,,80,2,F,,,,,,,,,,,,,,,18.0,5,,,33.0,15.0,5.0,0.3,10.0,,1.0,1.0,1.0,3.0,1.0,1.0,0.75,,F2,,N1,A3,5.0,5.0,5.0,15.0,33.0,,,,,,,,,,,,,,0,6,5,wheg36z2,,,,,,0
11,gjjzypw0,SSEL_B_11,0,803,821,csr_3_stageT,10,FinalResults2,10.224.76.26,2017-05-22 06:38:34.668819+00:00,0,1,,,65,1,A,,,,,,,,,,,,,,,18.0,5,,,23.0,15.0,5.0,0.3,10.0,,1.0,1.0,1.0,3.0,1.0,1.0,0.75,A2,,A3,N2,A3,5.0,15.0,15.0,5.0,23.0,,,,,,,,,,,,,,0,8,5,wheg36z2,,,,,,0
12,jh0jvyqx,SSEL_B_12,0,803,821,csr_3_stageT,10,FinalResults2,10.224.76.104,2017-05-22 06:38:49.329304+00:00,0,1,,,65,1,A,,,,,,,,,,,,,,,18.0,5,,,23.0,15.0,5.0,0.3,10.0,,1.0,1.0,1.0,3.0,1.0,1.0,0.75,A2,,A3,N1,A3,5.0,15.0,15.0,5.0,23.0,,,,,,,,,,,,,,0,9,5,wheg36z2,,,,,,0
13,ralqn835,SSEL_B_13,0,803,821,csr_3_stageT,10,FinalResults2,10.224.76.188,2017-05-22 06:38:53.245680+00:00,0,1,,,65,2,F,,,,,,,,,,,,,,,21.0,5,,,26.0,15.0,5.0,0.3,10.0,,1.0,1.0,1.0,3.0,1.0,1.0,0.75,,F2,,N1,N1,15.0,5.0,5.0,15.0,26.0,,,,,,,,,,,,,,0,2,5,wheg36z2,,,,,,0
14,p0jrt99e,SSEL_B_14,0,803,821,csr_3_stageT,10,FinalResults2,10.224.77.130,2017-05-22 06:38:54.752662+00:00,0,1,,,55,1,A,,,,,,,,,,,,,,,18.0,5,,,23.0,15.0,5.0,0.3,10.0,,1.0,1.0,1.0,3.0,1.0,1.0,0.75,A2,,A3,N1,A3,5.0,15.0,15.0,5.0,23.0,,,,,,,,,,,,,,0,4,5,wheg36z2,,,,,,0
15,sopbgk2i,SSEL_B_18,0,803,821,csr_3_stageT,10,FinalResults2,10.224.77.145,2017-05-22 06:38:55.773255+00:00,0,1,,,75,2,F,,,,,,,,,,,,,,,18.0,5,,,33.0,15.0,5.0,0.3,10.0,,1.0,1.0,1.0,3.0,1.0,1.0,0.75,,F2,,N1,A3,5.0,5.0,5.0,15.0,33.0,,,,,,,,,,,,,,0,4,5,wheg36z2,,,,,,0
16,z8yh3j3m,SSEL_B_15,0,803,821,csr_3_stageT,10,FinalResults2,10.224.76.62,2017-05-22 06:39:00.445795+00:00,0,1,,,65,1,A,,,,,,,,,,,,,,,18.0,5,,,23.0,15.0,5.0,0.3,10.0,,1.0,1.0,1.0,3.0,1.0,1.0,0.75,A2,,A3,N1,A3,5.0,15.0,15.0,5.0,23.0,,,,,,,,,,,,,,0,6,5,wheg36z2,,,,,,0
17,sbdutvye,SSEL_B_19,0,803,821,csr_3_stageT,10,FinalResults2,10.224.76.67,2017-05-22 06:39:01.064223+00:00,0,1,,,75,2,F,,,,,,,,,,,,,,,18.0,5,,,33.0,15.0,5.0,0.3,10.0,,1.0,1.0,1.0,3.0,1.0,1.0,0.75,,F1,,N1,A1,5.0,5.0,5.0,15.0,33.0,,,,,,,,,,,,,,0,5,5,wheg36z2,,,,,,0
18,bzt232iz,SSEL_B_16,0,803,821,csr_3_stageT,10,FinalResults2,10.224.77.185,2017-05-22 06:39:02.641713+00:00,0,1,,,80,2,F,,,,,,,,,,,,,,,18.0,5,,,33.0,15.0,5.0,0.3,10.0,,1.0,1.0,1.0,3.0,1.0,1.0,0.75,,F2,,N2,A3,5.0,5.0,5.0,15.0,33.0,,,,,,,,,,,,,,0,1,5,wheg36z2,,,,,,0
19,ekbiybc6,SSEL_B_17,0,803,821,csr_3_stageT,10,FinalResults2,10.224.76.140,2017-05-22 06:39:06.744790+00:00,0,1,,,75,2,F,,,,,,,,,,,,,,,18.0,5,,,33.0,15.0,5.0,0.3,10.0,,1.0,1.0,1.0,3.0,1.0,1.0,0.75,,F2,,N2,A3,5.0,5.0,5.0,15.0,33.0,,,,,,,,,,,,,,0,8,5,wheg36z2,,,,,,0
20,7pyi0chy,SSEL_B_20,0,803,821,csr_3_stageT,10,FinalResults2,10.224.76.136,2017-05-22 06:39:06.769581+00:00,0,1,,,70,2,F,,,,,,,,,,,,,,,18.0,5,,,33.0,15.0,5.0,0.3,10.0,,1.0,1.0,1.0,3.0,1.0,1.0,0.75,,F2,,N2,A3,5.0,5.0,5.0,15.0,33.0,,,,,,,,,,,,,,0,7,5,wheg36z2,,,,,,0
1,yc7mtep7,SSEL_B_01,0,803,821,csr_3_stageT,10,FinalResults2,10.224.77.117,2017-05-22 06:37:07.958415+00:00,0,1,,,60,1,A,,,,,,,,,,,,,,,18.0,6,,,23.0,15.0,5.0,0.3,10.0,,1.0,1.0,1.0,3.0,1.0,1.0,0.75,A2,,A3,N1,A3,5.0,15.0,15.0,5.0,23.0,,,,,,,,,,,,,,0,2,6,wheg36z2,,,,,,0
2,2ccmbtvh,SSEL_B_02,0,803,821,csr_3_stageT,10,FinalResults2,10.224.76.142,2017-05-22 06:37:15.132664+00:00,0,1,,,85,2,F,,,,,,,,,,,,,,,18.0,6,,,33.0,15.0,5.0,0.3,10.0,,1.0,1.0,1.0,3.0,1.0,1.0,0.75,,F2,,N1,A1,5.0,5.0,5.0,15.0,33.0,,,,,,,,,,,,,,0,3,6,wheg36z2,,,,,,0
3,n075zyx5,SSEL_B_03,0,803,821,csr_3_stageT,10,FinalResults2,10.224.77.115,2017-05-22 06:37:31.590088+00:00,0,1,,,50,1,A,,,,,,,,,,,,,,,18.0,6,,,23.0,15.0,5.0,0.3,10.0,,1.0,1.0,1.0,3.0,1.0,1.0,0.75,A1,,A4,N2,A1,5.0,15.0,15.0,5.0,23.0,,,,,,,,,,,,,,0,5,6,wheg36z2,,,,,,0
4,sn7zoalz,SSEL_B_04,0,803,821,csr_3_stageT,10,FinalResults2,10.224.76.198,2017-05-22 06:37:40.467183+00:00,0,1,,,65,1,A,,,,,,,,,,,,,,,18.0,6,,,23.0,15.0,5.0,0.3,10.0,,1.0,1.0,1.0,3.0,1.0,1.0,0.75,A1,,A3,N1,A1,5.0,15.0,15.0,5.0,23.0,,,,,,,,,,,,,,0,3,6,wheg36z2,,,,,,0
5,yw177pu2,SSEL_B_05,0,803,821,csr_3_stageT,10,FinalResults2,10.224.76.71,2017-05-22 06:37:46.856588+00:00,0,1,,,65,1,A,,,,,,,,,,,,,,,18.0,6,,,23.0,15.0,5.0,0.3,10.0,,1.0,1.0,1.0,3.0,1.0,1.0,0.75,A2,,A3,N1,A3,5.0,15.0,15.0,5.0,23.0,,,,,,,,,,,,,,0,10,6,wheg36z2,,,,,,0
6,mw3d6c72,SSEL_B_07,0,803,821,csr_3_stageT,10,FinalResults2,10.224.76.220,2017-05-22 06:38:06.830419+00:00,0,1,,,65,1,A,,,,,,,,,,,,,,,18.0,6,,,23.0,15.0,5.0,0.3,10.0,,1.0,1.0,1.0,3.0,1.0,1.0,0.75,A2,,A3,N1,A3,5.0,15.0,15.0,5.0,23.0,,,,,,,,,,,,,,0,7,6,wheg36z2,,,,,,0
7,c7ssmw0g,SSEL_B_08,0,803,821,csr_3_stageT,10,FinalResults2,10.224.77.202,2017-05-22 06:38:13.171572+00:00,0,1,,,75,2,F,,,,,,,,,,,,,,,18.0,6,,,33.0,15.0,5.0,0.3,10.0,,1.0,1.0,1.0,3.0,1.0,1.0,0.75,,F2,,N1,A3,5.0,5.0,5.0,15.0,33.0,,,,,,,,,,,,,,0,10,6,wheg36z2,,,,,,0
8,jr7hrd3s,SSEL_B_09,0,803,821,csr_3_stageT,10,FinalResults2,10.224.76.120,2017-05-22 06:38:19.268794+00:00,0,1,,,55,1,A,,,,,,,,,,,,,,,21.0,6,,,16.0,15.0,5.0,0.3,10.0,,1.0,1.0,1.0,3.0,1.0,1.0,0.75,A2,,A4,N1,N1,5.0,15.0,5.0,15.0,16.0,,,,,,,,,,,,,,0,1,6,wheg36z2,,,,,,0
9,am33fy92,SSEL_B_06,0,803,821,csr_3_stageT,10,FinalResults2,10.224.77.203,2017-05-22 06:38:34.314065+00:00,0,1,,,75,2,F,,,,,,,,,,,,,,,18.0,6,,,33.0,15.0,5.0,0.3,10.0,,1.0,1.0,1.0,3.0,1.0,1.0,0.75,,F2,,N1,A3,5.0,5.0,5.0,15.0,33.0,,,,,,,,,,,,,,0,9,6,wheg36z2,,,,,,0
10,n8fskdr0,SSEL_B_10,0,803,821,csr_3_stageT,10,FinalResults2,10.224.77.174,2017-05-22 06:38:29.047341+00:00,0,1,,,80,2,F,,,,,,,,,,,,,,,18.0,6,,,33.0,15.0,5.0,0.3,10.0,,1.0,1.0,1.0,3.0,1.0,1.0,0.75,,F2,,N1,A1,5.0,5.0,5.0,15.0,33.0,,,,,,,,,,,,,,0,6,6,wheg36z2,,,,,,0
11,gjjzypw0,SSEL_B_11,0,803,821,csr_3_stageT,10,FinalResults2,10.224.76.26,2017-05-22 06:38:34.668819+00:00,0,1,,,65,1,A,,,,,,,,,,,,,,,21.0,6,,,26.0,15.0,5.0,0.3,10.0,,1.0,1.0,1.0,3.0,1.0,1.0,0.75,A2,,A3,N2,F1,5.0,15.0,5.0,15.0,26.0,,,,,,,,,,,,,,0,8,6,wheg36z2,,,,,,0
12,jh0jvyqx,SSEL_B_12,0,803,821,csr_3_stageT,10,FinalResults2,10.224.76.104,2017-05-22 06:38:49.329304+00:00,0,1,,,65,1,A,,,,,,,,,,,,,,,18.0,6,,,23.0,15.0,5.0,0.3,10.0,,1.0,1.0,1.0,3.0,1.0,1.0,0.75,A2,,A3,N1,A3,5.0,15.0,15.0,5.0,23.0,,,,,,,,,,,,,,0,9,6,wheg36z2,,,,,,0
13,ralqn835,SSEL_B_13,0,803,821,csr_3_stageT,10,FinalResults2,10.224.76.188,2017-05-22 06:38:53.245680+00:00,0,1,,,65,2,F,,,,,,,,,,,,,,,18.0,6,,,33.0,15.0,5.0,0.3,10.0,,1.0,1.0,1.0,3.0,1.0,1.0,0.75,,F2,,N1,A3,5.0,5.0,5.0,15.0,33.0,,,,,,,,,,,,,,0,2,6,wheg36z2,,,,,,0
14,p0jrt99e,SSEL_B_14,0,803,821,csr_3_stageT,10,FinalResults2,10.224.77.130,2017-05-22 06:38:54.752662+00:00,0,1,,,55,1,A,,,,,,,,,,,,,,,21.0,6,,,16.0,15.0,5.0,0.3,10.0,,1.0,1.0,1.0,3.0,1.0,1.0,0.75,A2,,A4,N1,N1,5.0,15.0,5.0,15.0,16.0,,,,,,,,,,,,,,0,4,6,wheg36z2,,,,,,0
15,sopbgk2i,SSEL_B_18,0,803,821,csr_3_stageT,10,FinalResults2,10.224.77.145,2017-05-22 06:38:55.773255+00:00,0,1,,,75,2,F,,,,,,,,,,,,,,,21.0,6,,,26.0,15.0,5.0,0.3,10.0,,1.0,1.0,1.0,3.0,1.0,1.0,0.75,,F2,,N1,N1,15.0,5.0,5.0,15.0,26.0,,,,,,,,,,,,,,0,4,6,wheg36z2,,,,,,0
16,z8yh3j3m,SSEL_B_15,0,803,821,csr_3_stageT,10,FinalResults2,10.224.76.62,2017-05-22 06:39:00.445795+00:00,0,1,,,65,1,A,,,,,,,,,,,,,,,18.0,6,,,23.0,15.0,5.0,0.3,10.0,,1.0,1.0,1.0,3.0,1.0,1.0,0.75,A1,,A4,N1,A1,5.0,15.0,15.0,5.0,23.0,,,,,,,,,,,,,,0,6,6,wheg36z2,,,,,,0
17,sbdutvye,SSEL_B_19,0,803,821,csr_3_stageT,10,FinalResults2,10.224.76.67,2017-05-22 06:39:01.064223+00:00,0,1,,,75,2,F,,,,,,,,,,,,,,,18.0,6,,,33.0,15.0,5.0,0.3,10.0,,1.0,1.0,1.0,3.0,1.0,1.0,0.75,,F1,,N2,A1,5.0,5.0,5.0,15.0,33.0,,,,,,,,,,,,,,0,5,6,wheg36z2,,,,,,0
18,bzt232iz,SSEL_B_16,0,803,821,csr_3_stageT,10,FinalResults2,10.224.77.185,2017-05-22 06:39:02.641713+00:00,0,1,,,80,2,F,,,,,,,,,,,,,,,21.0,6,,,26.0,15.0,5.0,0.3,10.0,,1.0,1.0,1.0,3.0,1.0,1.0,0.75,,F2,,N1,N1,15.0,5.0,5.0,15.0,26.0,,,,,,,,,,,,,,0,1,6,wheg36z2,,,,,,0
19,ekbiybc6,SSEL_B_17,0,803,821,csr_3_stageT,10,FinalResults2,10.224.76.140,2017-05-22 06:39:06.744790+00:00,0,1,,,75,2,F,,,,,,,,,,,,,,,21.0,6,,,26.0,15.0,5.0,0.3,10.0,,1.0,1.0,1.0,3.0,1.0,1.0,0.75,,F1,,N2,F1,15.0,5.0,5.0,15.0,26.0,,,,,,,,,,,,,,0,8,6,wheg36z2,,,,,,0
20,7pyi0chy,SSEL_B_20,0,803,821,csr_3_stageT,10,FinalResults2,10.224.76.136,2017-05-22 06:39:06.769581+00:00,0,1,,,70,2,F,,,,,,,,,,,,,,,18.0,6,,,33.0,15.0,5.0,0.3,10.0,,1.0,1.0,1.0,3.0,1.0,1.0,0.75,,F2,,N1,A3,5.0,5.0,5.0,15.0,33.0,,,,,,,,,,,,,,0,7,6,wheg36z2,,,,,,0
1,yc7mtep7,SSEL_B_01,0,803,821,csr_3_stageT,10,FinalResults2,10.224.77.117,2017-05-22 06:37:07.958415+00:00,0,1,,,60,1,A,,,,,,,,,,,,,,,18.0,7,,,13.0,15.0,5.0,0.3,10.0,,1.0,1.0,1.0,3.0,1.0,1.0,0.75,A2,,A4,N2,N2,5.0,15.0,15.0,5.0,13.0,,,,,,,,,,,,,,0,2,7,wheg36z2,,,,,,0
2,2ccmbtvh,SSEL_B_02,0,803,821,csr_3_stageT,10,FinalResults2,10.224.76.142,2017-05-22 06:37:15.132664+00:00,0,1,,,85,2,F,,,,,,,,,,,,,,,18.0,7,,,33.0,15.0,5.0,0.3,10.0,,1.0,1.0,1.0,3.0,1.0,1.0,0.75,,F2,,N1,A3,5.0,5.0,5.0,15.0,33.0,,,,,,,,,,,,,,0,3,7,wheg36z2,,,,,,0
3,n075zyx5,SSEL_B_03,0,803,821,csr_3_stageT,10,FinalResults2,10.224.77.115,2017-05-22 06:37:31.590088+00:00,0,1,,,50,1,A,,,,,,,,,,,,,,,18.0,7,,,23.0,15.0,5.0,0.3,10.0,,1.0,1.0,1.0,3.0,1.0,1.0,0.75,A1,,A3,N2,A1,5.0,15.0,15.0,5.0,23.0,,,,,,,,,,,,,,0,5,7,wheg36z2,,,,,,0
4,sn7zoalz,SSEL_B_04,0,803,821,csr_3_stageT,10,FinalResults2,10.224.76.198,2017-05-22 06:37:40.467183+00:00,0,1,,,65,1,A,,,,,,,,,,,,,,,18.0,7,,,23.0,15.0,5.0,0.3,10.0,,1.0,1.0,1.0,3.0,1.0,1.0,0.75,A2,,A3,N1,A3,5.0,15.0,15.0,5.0,23.0,,,,,,,,,,,,,,0,3,7,wheg36z2,,,,,,0
5,yw177pu2,SSEL_B_05,0,803,821,csr_3_stageT,10,FinalResults2,10.224.76.71,2017-05-22 06:37:46.856588+00:00,0,1,,,65,1,A,,,,,,,,,,,,,,,18.0,7,,,23.0,15.0,5.0,0.3,10.0,,1.0,1.0,1.0,3.0,1.0,1.0,0.75,A2,,A3,N1,A3,5.0,15.0,15.0,5.0,23.0,,,,,,,,,,,,,,0,10,7,wheg36z2,,,,,,0
6,mw3d6c72,SSEL_B_07,0,803,821,csr_3_stageT,10,FinalResults2,10.224.76.220,2017-05-22 06:38:06.830419+00:00,0,1,,,65,1,A,,,,,,,,,,,,,,,18.0,7,,,23.0,15.0,5.0,0.3,10.0,,1.0,1.0,1.0,3.0,1.0,1.0,0.75,A2,,A3,N1,A3,5.0,15.0,15.0,5.0,23.0,,,,,,,,,,,,,,0,7,7,wheg36z2,,,,,,0
7,c7ssmw0g,SSEL_B_08,0,803,821,csr_3_stageT,10,FinalResults2,10.224.77.202,2017-05-22 06:38:13.171572+00:00,0,1,,,75,2,F,,,,,,,,,,,,,,,18.0,7,,,33.0,15.0,5.0,0.3,10.0,,1.0,1.0,1.0,3.0,1.0,1.0,0.75,,F2,,N1,A3,5.0,5.0,5.0,15.0,33.0,,,,,,,,,,,,,,0,10,7,wheg36z2,,,,,,0
8,jr7hrd3s,SSEL_B_09,0,803,821,csr_3_stageT,10,FinalResults2,10.224.76.120,2017-05-22 06:38:19.268794+00:00,0,1,,,55,1,A,,,,,,,,,,,,,,,18.0,7,,,23.0,15.0,5.0,0.3,10.0,,1.0,1.0,1.0,3.0,1.0,1.0,0.75,A1,,A3,N1,A1,5.0,15.0,15.0,5.0,23.0,,,,,,,,,,,,,,0,1,7,wheg36z2,,,,,,0
9,am33fy92,SSEL_B_06,0,803,821,csr_3_stageT,10,FinalResults2,10.224.77.203,2017-05-22 06:38:34.314065+00:00,0,1,,,75,2,F,,,,,,,,,,,,,,,18.0,7,,,33.0,15.0,5.0,0.3,10.0,,1.0,1.0,1.0,3.0,1.0,1.0,0.75,,F2,,N1,A3,5.0,5.0,5.0,15.0,33.0,,,,,,,,,,,,,,0,9,7,wheg36z2,,,,,,0
10,n8fskdr0,SSEL_B_10,0,803,821,csr_3_stageT,10,FinalResults2,10.224.77.174,2017-05-22 06:38:29.047341+00:00,0,1,,,80,2,F,,,,,,,,,,,,,,,18.0,7,,,33.0,15.0,5.0,0.3,10.0,,1.0,1.0,1.0,3.0,1.0,1.0,0.75,,F2,,N1,A1,5.0,5.0,5.0,15.0,33.0,,,,,,,,,,,,,,0,6,7,wheg36z2,,,,,,0
11,gjjzypw0,SSEL_B_11,0,803,821,csr_3_stageT,10,FinalResults2,10.224.76.26,2017-05-22 06:38:34.668819+00:00,0,1,,,65,1,A,,,,,,,,,,,,,,,21.0,7,,,26.0,15.0,5.0,0.3,10.0,,1.0,1.0,1.0,3.0,1.0,1.0,0.75,A2,,A3,N1,F1,5.0,15.0,5.0,15.0,26.0,,,,,,,,,,,,,,0,8,7,wheg36z2,,,,,,0
12,jh0jvyqx,SSEL_B_12,0,803,821,csr_3_stageT,10,FinalResults2,10.224.76.104,2017-05-22 06:38:49.329304+00:00,0,1,,,65,1,A,,,,,,,,,,,,,,,18.0,7,,,23.0,15.0,5.0,0.3,10.0,,1.0,1.0,1.0,3.0,1.0,1.0,0.75,A2,,A3,N1,A3,5.0,15.0,15.0,5.0,23.0,,,,,,,,,,,,,,0,9,7,wheg36z2,,,,,,0
13,ralqn835,SSEL_B_13,0,803,821,csr_3_stageT,10,FinalResults2,10.224.76.188,2017-05-22 06:38:53.245680+00:00,0,1,,,65,2,F,,,,,,,,,,,,,,,18.0,7,,,33.0,15.0,5.0,0.3,10.0,,1.0,1.0,1.0,3.0,1.0,1.0,0.75,,F2,,N2,N2,5.0,5.0,5.0,15.0,33.0,,,,,,,,,,,,,,0,2,7,wheg36z2,,,,,,0
14,p0jrt99e,SSEL_B_14,0,803,821,csr_3_stageT,10,FinalResults2,10.224.77.130,2017-05-22 06:38:54.752662+00:00,0,1,,,55,1,A,,,,,,,,,,,,,,,21.0,7,,,26.0,15.0,5.0,0.3,10.0,,1.0,1.0,1.0,3.0,1.0,1.0,0.75,A2,,A4,N2,F1,5.0,15.0,5.0,15.0,26.0,,,,,,,,,,,,,,0,4,7,wheg36z2,,,,,,0
15,sopbgk2i,SSEL_B_18,0,803,821,csr_3_stageT,10,FinalResults2,10.224.77.145,2017-05-22 06:38:55.773255+00:00,0,1,,,75,2,F,,,,,,,,,,,,,,,21.0,7,,,26.0,15.0,5.0,0.3,10.0,,1.0,1.0,1.0,3.0,1.0,1.0,0.75,,F1,,N2,F1,15.0,5.0,5.0,15.0,26.0,,,,,,,,,,,,,,0,4,7,wheg36z2,,,,,,0
16,z8yh3j3m,SSEL_B_15,0,803,821,csr_3_stageT,10,FinalResults2,10.224.76.62,2017-05-22 06:39:00.445795+00:00,0,1,,,65,1,A,,,,,,,,,,,,,,,18.0,7,,,23.0,15.0,5.0,0.3,10.0,,1.0,1.0,1.0,3.0,1.0,1.0,0.75,A1,,A4,N1,A1,5.0,15.0,15.0,5.0,23.0,,,,,,,,,,,,,,0,6,7,wheg36z2,,,,,,0
17,sbdutvye,SSEL_B_19,0,803,821,csr_3_stageT,10,FinalResults2,10.224.76.67,2017-05-22 06:39:01.064223+00:00,0,1,,,75,2,F,,,,,,,,,,,,,,,18.0,7,,,33.0,15.0,5.0,0.3,10.0,,1.0,1.0,1.0,3.0,1.0,1.0,0.75,,F1,,N2,A1,5.0,5.0,5.0,15.0,33.0,,,,,,,,,,,,,,0,5,7,wheg36z2,,,,,,0
18,bzt232iz,SSEL_B_16,0,803,821,csr_3_stageT,10,FinalResults2,10.224.77.185,2017-05-22 06:39:02.641713+00:00,0,1,,,80,2,F,,,,,,,,,,,,,,,18.0,7,,,33.0,15.0,5.0,0.3,10.0,,1.0,1.0,1.0,3.0,1.0,1.0,0.75,,F2,,N1,A1,5.0,5.0,5.0,15.0,33.0,,,,,,,,,,,,,,0,1,7,wheg36z2,,,,,,0
19,ekbiybc6,SSEL_B_17,0,803,821,csr_3_stageT,10,FinalResults2,10.224.76.140,2017-05-22 06:39:06.744790+00:00,0,1,,,75,2,F,,,,,,,,,,,,,,,21.0,7,,,26.0,15.0,5.0,0.3,10.0,,1.0,1.0,1.0,3.0,1.0,1.0,0.75,,F1,,N1,F1,15.0,5.0,5.0,15.0,26.0,,,,,,,,,,,,,,0,8,7,wheg36z2,,,,,,0
20,7pyi0chy,SSEL_B_20,0,803,821,csr_3_stageT,10,FinalResults2,10.224.76.136,2017-05-22 06:39:06.769581+00:00,0,1,,,70,2,F,,,,,,,,,,,,,,,18.0,7,,,33.0,15.0,5.0,0.3,10.0,,1.0,1.0,1.0,3.0,1.0,1.0,0.75,,F2,,N1,A3,5.0,5.0,5.0,15.0,33.0,,,,,,,,,,,,,,0,7,7,wheg36z2,,,,,,0
1,yc7mtep7,SSEL_B_01,0,803,821,csr_3_stageT,10,FinalResults2,10.224.77.117,2017-05-22 06:37:07.958415+00:00,0,1,,,60,1,A,,,,,,,,,,,,,,,18.0,8,,,23.0,15.0,5.0,0.3,10.0,,1.0,1.0,1.0,3.0,1.0,1.0,0.75,A2,,A3,N1,A3,5.0,15.0,15.0,5.0,23.0,,,,,,,,,,,,,,0,2,8,wheg36z2,,,,,,0
2,2ccmbtvh,SSEL_B_02,0,803,821,csr_3_stageT,10,FinalResults2,10.224.76.142,2017-05-22 06:37:15.132664+00:00,0,1,,,85,2,F,,,,,,,,,,,,,,,18.0,8,,,33.0,15.0,5.0,0.3,10.0,,1.0,1.0,1.0,3.0,1.0,1.0,0.75,,F2,,N1,A3,5.0,5.0,5.0,15.0,33.0,,,,,,,,,,,,,,0,3,8,wheg36z2,,,,,,0
3,n075zyx5,SSEL_B_03,0,803,821,csr_3_stageT,10,FinalResults2,10.224.77.115,2017-05-22 06:37:31.590088+00:00,0,1,,,50,1,A,,,,,,,,,,,,,,,18.0,8,,,23.0,15.0,5.0,0.3,10.0,,1.0,1.0,1.0,3.0,1.0,1.0,0.75,A1,,A3,N2,A1,5.0,15.0,15.0,5.0,23.0,,,,,,,,,,,,,,0,5,8,wheg36z2,,,,,,0
4,sn7zoalz,SSEL_B_04,0,803,821,csr_3_stageT,10,FinalResults2,10.224.76.198,2017-05-22 06:37:40.467183+00:00,0,1,,,65,1,A,,,,,,,,,,,,,,,18.0,8,,,23.0,15.0,5.0,0.3,10.0,,1.0,1.0,1.0,3.0,1.0,1.0,0.75,A2,,A3,N1,A3,5.0,15.0,15.0,5.0,23.0,,,,,,,,,,,,,,0,3,8,wheg36z2,,,,,,0
5,yw177pu2,SSEL_B_05,0,803,821,csr_3_stageT,10,FinalResults2,10.224.76.71,2017-05-22 06:37:46.856588+00:00,0,1,,,65,1,A,,,,,,,,,,,,,,,18.0,8,,,23.0,15.0,5.0,0.3,10.0,,1.0,1.0,1.0,3.0,1.0,1.0,0.75,A2,,A3,N1,A3,5.0,15.0,15.0,5.0,23.0,,,,,,,,,,,,,,0,10,8,wheg36z2,,,,,,0
6,mw3d6c72,SSEL_B_07,0,803,821,csr_3_stageT,10,FinalResults2,10.224.76.220,2017-05-22 06:38:06.830419+00:00,0,1,,,65,1,A,,,,,,,,,,,,,,,18.0,8,,,23.0,15.0,5.0,0.3,10.0,,1.0,1.0,1.0,3.0,1.0,1.0,0.75,A2,,A3,N1,A3,5.0,15.0,15.0,5.0,23.0,,,,,,,,,,,,,,0,7,8,wheg36z2,,,,,,0
7,c7ssmw0g,SSEL_B_08,0,803,821,csr_3_stageT,10,FinalResults2,10.224.77.202,2017-05-22 06:38:13.171572+00:00,0,1,,,75,2,F,,,,,,,,,,,,,,,18.0,8,,,33.0,15.0,5.0,0.3,10.0,,1.0,1.0,1.0,3.0,1.0,1.0,0.75,,F2,,N1,A3,5.0,5.0,5.0,15.0,33.0,,,,,,,,,,,,,,0,10,8,wheg36z2,,,,,,0
8,jr7hrd3s,SSEL_B_09,0,803,821,csr_3_stageT,10,FinalResults2,10.224.76.120,2017-05-22 06:38:19.268794+00:00,0,1,,,55,1,A,,,,,,,,,,,,,,,18.0,8,,,23.0,15.0,5.0,0.3,10.0,,1.0,1.0,1.0,3.0,1.0,1.0,0.75,A1,,A3,N1,A1,5.0,15.0,15.0,5.0,23.0,,,,,,,,,,,,,,0,1,8,wheg36z2,,,,,,0
9,am33fy92,SSEL_B_06,0,803,821,csr_3_stageT,10,FinalResults2,10.224.77.203,2017-05-22 06:38:34.314065+00:00,0,1,,,75,2,F,,,,,,,,,,,,,,,18.0,8,,,33.0,15.0,5.0,0.3,10.0,,1.0,1.0,1.0,3.0,1.0,1.0,0.75,,F2,,N1,A3,5.0,5.0,5.0,15.0,33.0,,,,,,,,,,,,,,0,9,8,wheg36z2,,,,,,0
10,n8fskdr0,SSEL_B_10,0,803,821,csr_3_stageT,10,FinalResults2,10.224.77.174,2017-05-22 06:38:29.047341+00:00,0,1,,,80,2,F,,,,,,,,,,,,,,,18.0,8,,,33.0,15.0,5.0,0.3,10.0,,1.0,1.0,1.0,3.0,1.0,1.0,0.75,,F2,,N1,A1,5.0,5.0,5.0,15.0,33.0,,,,,,,,,,,,,,0,6,8,wheg36z2,,,,,,0
11,gjjzypw0,SSEL_B_11,0,803,821,csr_3_stageT,10,FinalResults2,10.224.76.26,2017-05-22 06:38:34.668819+00:00,0,1,,,65,1,A,,,,,,,,,,,,,,,18.0,8,,,23.0,15.0,5.0,0.3,10.0,,1.0,1.0,1.0,3.0,1.0,1.0,0.75,A2,,A3,N1,A3,5.0,15.0,15.0,5.0,23.0,,,,,,,,,,,,,,0,8,8,wheg36z2,,,,,,0
12,jh0jvyqx,SSEL_B_12,0,803,821,csr_3_stageT,10,FinalResults2,10.224.76.104,2017-05-22 06:38:49.329304+00:00,0,1,,,65,1,A,,,,,,,,,,,,,,,18.0,8,,,23.0,15.0,5.0,0.3,10.0,,1.0,1.0,1.0,3.0,1.0,1.0,0.75,A2,,A3,N1,A3,5.0,15.0,15.0,5.0,23.0,,,,,,,,,,,,,,0,9,8,wheg36z2,,,,,,0
13,ralqn835,SSEL_B_13,0,803,821,csr_3_stageT,10,FinalResults2,10.224.76.188,2017-05-22 06:38:53.245680+00:00,0,1,,,65,2,F,,,,,,,,,,,,,,,18.0,8,,,33.0,15.0,5.0,0.3,10.0,,1.0,1.0,1.0,3.0,1.0,1.0,0.75,,F2,,N1,A3,5.0,5.0,5.0,15.0,33.0,,,,,,,,,,,,,,0,2,8,wheg36z2,,,,,,0
14,p0jrt99e,SSEL_B_14,0,803,821,csr_3_stageT,10,FinalResults2,10.224.77.130,2017-05-22 06:38:54.752662+00:00,0,1,,,55,1,A,,,,,,,,,,,,,,,21.0,8,,,16.0,15.0,5.0,0.3,10.0,,1.0,1.0,1.0,3.0,1.0,1.0,0.75,A2,,A4,N1,N1,5.0,15.0,5.0,15.0,16.0,,,,,,,,,,,,,,0,4,8,wheg36z2,,,,,,0
15,sopbgk2i,SSEL_B_18,0,803,821,csr_3_stageT,10,FinalResults2,10.224.77.145,2017-05-22 06:38:55.773255+00:00,0,1,,,75,2,F,,,,,,,,,,,,,,,21.0,8,,,26.0,15.0,5.0,0.3,10.0,,1.0,1.0,1.0,3.0,1.0,1.0,0.75,,F2,,N1,N1,15.0,5.0,5.0,15.0,26.0,,,,,,,,,,,,,,0,4,8,wheg36z2,,,,,,0
16,z8yh3j3m,SSEL_B_15,0,803,821,csr_3_stageT,10,FinalResults2,10.224.76.62,2017-05-22 06:39:00.445795+00:00,0,1,,,65,1,A,,,,,,,,,,,,,,,18.0,8,,,23.0,15.0,5.0,0.3,10.0,,1.0,1.0,1.0,3.0,1.0,1.0,0.75,A1,,A3,N1,A1,5.0,15.0,15.0,5.0,23.0,,,,,,,,,,,,,,0,6,8,wheg36z2,,,,,,0
17,sbdutvye,SSEL_B_19,0,803,821,csr_3_stageT,10,FinalResults2,10.224.76.67,2017-05-22 06:39:01.064223+00:00,0,1,,,75,2,F,,,,,,,,,,,,,,,18.0,8,,,33.0,15.0,5.0,0.3,10.0,,1.0,1.0,1.0,3.0,1.0,1.0,0.75,,F1,,N2,A1,5.0,5.0,5.0,15.0,33.0,,,,,,,,,,,,,,0,5,8,wheg36z2,,,,,,0
18,bzt232iz,SSEL_B_16,0,803,821,csr_3_stageT,10,FinalResults2,10.224.77.185,2017-05-22 06:39:02.641713+00:00,0,1,,,80,2,F,,,,,,,,,,,,,,,18.0,8,,,33.0,15.0,5.0,0.3,10.0,,1.0,1.0,1.0,3.0,1.0,1.0,0.75,,F2,,N1,A1,5.0,5.0,5.0,15.0,33.0,,,,,,,,,,,,,,0,1,8,wheg36z2,,,,,,0
19,ekbiybc6,SSEL_B_17,0,803,821,csr_3_stageT,10,FinalResults2,10.224.76.140,2017-05-22 06:39:06.744790+00:00,0,1,,,75,2,F,,,,,,,,,,,,,,,18.0,8,,,33.0,15.0,5.0,0.3,10.0,,1.0,1.0,1.0,3.0,1.0,1.0,0.75,,F2,,N1,A3,5.0,5.0,5.0,15.0,33.0,,,,,,,,,,,,,,0,8,8,wheg36z2,,,,,,0
20,7pyi0chy,SSEL_B_20,0,803,821,csr_3_stageT,10,FinalResults2,10.224.76.136,2017-05-22 06:39:06.769581+00:00,0,1,,,70,2,F,,,,,,,,,,,,,,,18.0,8,,,33.0,15.0,5.0,0.3,10.0,,1.0,1.0,1.0,3.0,1.0,1.0,0.75,,F2,,N1,A3,5.0,5.0,5.0,15.0,33.0,,,,,,,,,,,,,,0,7,8,wheg36z2,,,,,,0
1,yc7mtep7,SSEL_B_01,0,803,821,csr_3_stageT,10,FinalResults2,10.224.77.117,2017-05-22 06:37:07.958415+00:00,0,1,,,60,1,A,,,,,,,,,,,,,,,18.0,9,,,23.0,15.0,5.0,0.3,10.0,,1.0,1.0,1.0,3.0,1.0,1.0,0.75,A2,,A3,N1,A3,5.0,15.0,15.0,5.0,23.0,,,,,,,,,,,,,,0,2,9,wheg36z2,,,,,,0
2,2ccmbtvh,SSEL_B_02,0,803,821,csr_3_stageT,10,FinalResults2,10.224.76.142,2017-05-22 06:37:15.132664+00:00,0,1,,,85,2,F,,,,,,,,,,,,,,,18.0,9,,,33.0,15.0,5.0,0.3,10.0,,1.0,1.0,1.0,3.0,1.0,1.0,0.75,,F2,,N1,A3,5.0,5.0,5.0,15.0,33.0,,,,,,,,,,,,,,0,3,9,wheg36z2,,,,,,0
3,n075zyx5,SSEL_B_03,0,803,821,csr_3_stageT,10,FinalResults2,10.224.77.115,2017-05-22 06:37:31.590088+00:00,0,1,,,50,1,A,,,,,,,,,,,,,,,21.0,9,,,26.0,15.0,5.0,0.3,10.0,,1.0,1.0,1.0,3.0,1.0,1.0,0.75,A2,,A3,N1,F1,5.0,15.0,5.0,15.0,26.0,,,,,,,,,,,,,,0,5,9,wheg36z2,,,,,,0
4,sn7zoalz,SSEL_B_04,0,803,821,csr_3_stageT,10,FinalResults2,10.224.76.198,2017-05-22 06:37:40.467183+00:00,0,1,,,65,1,A,,,,,,,,,,,,,,,18.0,9,,,23.0,15.0,5.0,0.3,10.0,,1.0,1.0,1.0,3.0,1.0,1.0,0.75,A2,,A3,N1,A3,5.0,15.0,15.0,5.0,23.0,,,,,,,,,,,,,,0,3,9,wheg36z2,,,,,,0
5,yw177pu2,SSEL_B_05,0,803,821,csr_3_stageT,10,FinalResults2,10.224.76.71,2017-05-22 06:37:46.856588+00:00,0,1,,,65,1,A,,,,,,,,,,,,,,,21.0,9,,,26.0,15.0,5.0,0.3,10.0,,1.0,1.0,1.0,3.0,1.0,1.0,0.75,A2,,A3,N1,F1,5.0,15.0,5.0,15.0,26.0,,,,,,,,,,,,,,0,10,9,wheg36z2,,,,,,0
6,mw3d6c72,SSEL_B_07,0,803,821,csr_3_stageT,10,FinalResults2,10.224.76.220,2017-05-22 06:38:06.830419+00:00,0,1,,,65,1,A,,,,,,,,,,,,,,,18.0,9,,,23.0,15.0,5.0,0.3,10.0,,1.0,1.0,1.0,3.0,1.0,1.0,0.75,A2,,A3,N1,A3,5.0,15.0,15.0,5.0,23.0,,,,,,,,,,,,,,0,7,9,wheg36z2,,,,,,0
7,c7ssmw0g,SSEL_B_08,0,803,821,csr_3_stageT,10,FinalResults2,10.224.77.202,2017-05-22 06:38:13.171572+00:00,0,1,,,75,2,F,,,,,,,,,,,,,,,21.0,9,,,26.0,15.0,5.0,0.3,10.0,,1.0,1.0,1.0,3.0,1.0,1.0,0.75,,F1,,N1,F1,15.0,5.0,5.0,15.0,26.0,,,,,,,,,,,,,,0,10,9,wheg36z2,,,,,,0
8,jr7hrd3s,SSEL_B_09,0,803,821,csr_3_stageT,10,FinalResults2,10.224.76.120,2017-05-22 06:38:19.268794+00:00,0,1,,,55,1,A,,,,,,,,,,,,,,,21.0,9,,,16.0,15.0,5.0,0.3,10.0,,1.0,1.0,1.0,3.0,1.0,1.0,0.75,A2,,A4,N1,N1,5.0,15.0,5.0,15.0,16.0,,,,,,,,,,,,,,0,1,9,wheg36z2,,,,,,0
9,am33fy92,SSEL_B_06,0,803,821,csr_3_stageT,10,FinalResults2,10.224.77.203,2017-05-22 06:38:34.314065+00:00,0,1,,,75,2,F,,,,,,,,,,,,,,,18.0,9,,,33.0,15.0,5.0,0.3,10.0,,1.0,1.0,1.0,3.0,1.0,1.0,0.75,,F2,,N1,A3,5.0,5.0,5.0,15.0,33.0,,,,,,,,,,,,,,0,9,9,wheg36z2,,,,,,0
10,n8fskdr0,SSEL_B_10,0,803,821,csr_3_stageT,10,FinalResults2,10.224.77.174,2017-05-22 06:38:29.047341+00:00,0,1,,,80,2,F,,,,,,,,,,,,,,,18.0,9,,,33.0,15.0,5.0,0.3,10.0,,1.0,1.0,1.0,3.0,1.0,1.0,0.75,,F2,,N2,A3,5.0,5.0,5.0,15.0,33.0,,,,,,,,,,,,,,0,6,9,wheg36z2,,,,,,0
11,gjjzypw0,SSEL_B_11,0,803,821,csr_3_stageT,10,FinalResults2,10.224.76.26,2017-05-22 06:38:34.668819+00:00,0,1,,,65,1,A,,,,,,,,,,,,,,,18.0,9,,,23.0,15.0,5.0,0.3,10.0,,1.0,1.0,1.0,3.0,1.0,1.0,0.75,A2,,A3,N1,A3,5.0,15.0,15.0,5.0,23.0,,,,,,,,,,,,,,0,8,9,wheg36z2,,,,,,0
12,jh0jvyqx,SSEL_B_12,0,803,821,csr_3_stageT,10,FinalResults2,10.224.76.104,2017-05-22 06:38:49.329304+00:00,0,1,,,65,1,A,,,,,,,,,,,,,,,18.0,9,,,23.0,15.0,5.0,0.3,10.0,,1.0,1.0,1.0,3.0,1.0,1.0,0.75,A2,,A3,N1,A3,5.0,15.0,15.0,5.0,23.0,,,,,,,,,,,,,,0,9,9,wheg36z2,,,,,,0
13,ralqn835,SSEL_B_13,0,803,821,csr_3_stageT,10,FinalResults2,10.224.76.188,2017-05-22 06:38:53.245680+00:00,0,1,,,65,2,F,,,,,,,,,,,,,,,18.0,9,,,33.0,15.0,5.0,0.3,10.0,,1.0,1.0,1.0,3.0,1.0,1.0,0.75,,F2,,N1,A3,5.0,5.0,5.0,15.0,33.0,,,,,,,,,,,,,,0,2,9,wheg36z2,,,,,,0
14,p0jrt99e,SSEL_B_14,0,803,821,csr_3_stageT,10,FinalResults2,10.224.77.130,2017-05-22 06:38:54.752662+00:00,0,1,,,55,1,A,,,,,,,,,,,,,,,18.0,9,,,23.0,15.0,5.0,0.3,10.0,,1.0,1.0,1.0,3.0,1.0,1.0,0.75,A2,,A3,N2,A3,5.0,15.0,15.0,5.0,23.0,,,,,,,,,,,,,,0,4,9,wheg36z2,,,,,,0
15,sopbgk2i,SSEL_B_18,0,803,821,csr_3_stageT,10,FinalResults2,10.224.77.145,2017-05-22 06:38:55.773255+00:00,0,1,,,75,2,F,,,,,,,,,,,,,,,18.0,9,,,33.0,15.0,5.0,0.3,10.0,,1.0,1.0,1.0,3.0,1.0,1.0,0.75,,F2,,N2,A3,5.0,5.0,5.0,15.0,33.0,,,,,,,,,,,,,,0,4,9,wheg36z2,,,,,,0
16,z8yh3j3m,SSEL_B_15,0,803,821,csr_3_stageT,10,FinalResults2,10.224.76.62,2017-05-22 06:39:00.445795+00:00,0,1,,,65,1,A,,,,,,,,,,,,,,,18.0,9,,,23.0,15.0,5.0,0.3,10.0,,1.0,1.0,1.0,3.0,1.0,1.0,0.75,A2,,A3,N2,A3,5.0,15.0,15.0,5.0,23.0,,,,,,,,,,,,,,0,6,9,wheg36z2,,,,,,0
17,sbdutvye,SSEL_B_19,0,803,821,csr_3_stageT,10,FinalResults2,10.224.76.67,2017-05-22 06:39:01.064223+00:00,0,1,,,75,2,F,,,,,,,,,,,,,,,21.0,9,,,26.0,15.0,5.0,0.3,10.0,,1.0,1.0,1.0,3.0,1.0,1.0,0.75,,F1,,N1,F1,15.0,5.0,5.0,15.0,26.0,,,,,,,,,,,,,,0,5,9,wheg36z2,,,,,,0
18,bzt232iz,SSEL_B_16,0,803,821,csr_3_stageT,10,FinalResults2,10.224.77.185,2017-05-22 06:39:02.641713+00:00,0,1,,,80,2,F,,,,,,,,,,,,,,,21.0,9,,,26.0,15.0,5.0,0.3,10.0,,1.0,1.0,1.0,3.0,1.0,1.0,0.75,,F2,,N1,N1,15.0,5.0,5.0,15.0,26.0,,,,,,,,,,,,,,0,1,9,wheg36z2,,,,,,0
19,ekbiybc6,SSEL_B_17,0,803,821,csr_3_stageT,10,FinalResults2,10.224.76.140,2017-05-22 06:39:06.744790+00:00,0,1,,,75,2,F,,,,,,,,,,,,,,,18.0,9,,,33.0,15.0,5.0,0.3,10.0,,1.0,1.0,1.0,3.0,1.0,1.0,0.75,,F2,,N1,A3,5.0,5.0,5.0,15.0,33.0,,,,,,,,,,,,,,0,8,9,wheg36z2,,,,,,0
20,7pyi0chy,SSEL_B_20,0,803,821,csr_3_stageT,10,FinalResults2,10.224.76.136,2017-05-22 06:39:06.769581+00:00,0,1,,,70,2,F,,,,,,,,,,,,,,,18.0,9,,,33.0,15.0,5.0,0.3,10.0,,1.0,1.0,1.0,3.0,1.0,1.0,0.75,,F2,,N1,A3,5.0,5.0,5.0,15.0,33.0,,,,,,,,,,,,,,0,7,9,wheg36z2,,,,,,0
1,yc7mtep7,SSEL_B_01,0,803,821,csr_3_stageT,10,FinalResults2,10.224.77.117,2017-05-22 06:37:07.958415+00:00,0,1,,,60,1,A,,,,,,,,,,,,,,,18.0,10,5,16.0,23.0,15.0,5.0,0.3,10.0,,1.0,1.0,1.0,3.0,1.0,1.0,0.75,A2,,A3,N1,A3,5.0,15.0,15.0,5.0,23.0,,9,1996,male,Hungarian,,,Electrical Engineering,"Randomy, sometimes based on the previous rounds","A2 always, that gives better opportunity","F1, that way I dont depend on A","A3, the most I can win was that way",,60,2,10,wheg36z2,,,,,,0
2,2ccmbtvh,SSEL_B_02,0,803,821,csr_3_stageT,10,FinalResults2,10.224.76.142,2017-05-22 06:37:15.132664+00:00,0,1,,,85,2,F,,,,,,,,,,,,,,,18.0,10,5,33.0,33.0,15.0,5.0,0.3,10.0,,1.0,1.0,1.0,3.0,1.0,1.0,0.75,,F2,,N1,A3,5.0,5.0,5.0,15.0,33.0,,9,1995,male,Estonian,,,Electrical Engineering,"I went for maximum profit by assuming the majority of the group would try to invest heavily intro the group exchange to ensure constant high returns. Thus, by investing everything into the individual pool I could maximize my own earnings. This was obviously not sustainable as the other members wised up to the approach, but regardless it allowed for high earning initial rounds.",-,"F2 ensured highest earning regardless of scenario, therefore it was an obvious choice.",-,,85,3,10,wheg36z2,,,,,,0
3,n075zyx5,SSEL_B_03,0,803,821,csr_3_stageT,10,FinalResults2,10.224.77.115,2017-05-22 06:37:31.590088+00:00,0,1,,,50,1,A,,,,,,,,,,,,,,,18.0,10,5,23.0,23.0,15.0,5.0,0.3,10.0,,1.0,1.0,1.0,3.0,1.0,1.0,0.75,A1,,A3,N1,A1,5.0,15.0,15.0,5.0,23.0,,3,1995,male,"germen,urdu",,,engineering,i see individual investement making good payoff,A1 do not have to pay fee,not applicable,A4 was nature and it was uncertain  ,,50,5,10,wheg36z2,,,,,,0
4,sn7zoalz,SSEL_B_04,0,803,821,csr_3_stageT,10,FinalResults2,10.224.76.198,2017-05-22 06:37:40.467183+00:00,0,1,,,65,1,A,,,,,,,,,,,,,,,18.0,10,5,23.0,23.0,15.0,5.0,0.3,10.0,,1.0,1.0,1.0,3.0,1.0,1.0,0.75,A2,,A3,N1,A3,5.0,15.0,15.0,5.0,23.0,,8,1997,female,Urdu,,,CS,I had to ensure I was getting a secure amount of points in return.,I would usually go for A2 as it would benefit other group players as well.,I wasn't Role F,I tried going for A4 but it would come with a loss for me. So going for A3 became a better and safe option.,,65,3,10,wheg36z2,,,,,,0
5,yw177pu2,SSEL_B_05,0,803,821,csr_3_stageT,10,FinalResults2,10.224.76.71,2017-05-22 06:37:46.856588+00:00,0,1,,,65,1,A,,,,,,,,,,,,,,,18.0,10,5,23.0,23.0,15.0,5.0,0.3,10.0,,1.0,1.0,1.0,3.0,1.0,1.0,0.75,A2,,A3,N2,A3,5.0,15.0,15.0,5.0,23.0,,10,1992,male,English,,,Economics,Based on responses of other members.,A2 was a riskless way to increase my returns.,N/A,A4 always came at a loss. ,,65,10,10,wheg36z2,,,,,,0
6,mw3d6c72,SSEL_B_07,0,803,821,csr_3_stageT,10,FinalResults2,10.224.76.220,2017-05-22 06:38:06.830419+00:00,0,1,,,65,1,A,,,,,,,,,,,,,,,18.0,10,5,23.0,23.0,15.0,5.0,0.3,10.0,,1.0,1.0,1.0,3.0,1.0,1.0,0.75,A2,,A3,N1,A3,5.0,15.0,15.0,5.0,23.0,,8,1996,female,lithuanian,,,biology,I would contribute from 20-35% just to make everyone earn a bit but not to suffer big losses,"I wanted things to be fair so I decided A2 all the time, we all would earn more if F just selected F1.",I wasn't F,I did not want to suffer losses so would select A3,,65,7,10,wheg36z2,,,,,,0
7,c7ssmw0g,SSEL_B_08,0,803,821,csr_3_stageT,10,FinalResults2,10.224.77.202,2017-05-22 06:38:13.171572+00:00,0,1,,,75,2,F,,,,,,,,,,,,,,,18.0,10,5,33.0,33.0,15.0,5.0,0.3,10.0,,1.0,1.0,1.0,3.0,1.0,1.0,0.75,,F2,,N2,A3,5.0,5.0,5.0,15.0,33.0,,12,1998,female,English,,,Arab Crossroads,I wanted the greatest return.,I was a Role F player.,I wanted the greatest return and I realized that F2 gave me the most return usually.,I was a Role F player.,,75,10,10,wheg36z2,,,,,,0
8,jr7hrd3s,SSEL_B_09,0,803,821,csr_3_stageT,10,FinalResults2,10.224.76.120,2017-05-22 06:38:19.268794+00:00,0,1,,,55,1,A,,,,,,,,,,,,,,,18.0,10,5,23.0,23.0,15.0,5.0,0.3,10.0,,1.0,1.0,1.0,3.0,1.0,1.0,0.75,A1,,A3,N2,A1,5.0,15.0,15.0,5.0,23.0,,9,1993,female,English,,,Theater,58%,Most often A1. my F partner only contributed 5% so I knew the chances of me getting 26pts was low.,N/A,A4 would always be worse off so I most often chose A3.,,55,1,10,wheg36z2,,,,,,0
9,am33fy92,SSEL_B_06,0,803,821,csr_3_stageT,10,FinalResults2,10.224.77.203,2017-05-22 06:38:34.314065+00:00,0,1,,,75,2,F,,,,,,,,,,,,,,,18.0,10,5,33.0,33.0,15.0,5.0,0.3,10.0,,1.0,1.0,1.0,3.0,1.0,1.0,0.75,,F2,,N1,A3,5.0,5.0,5.0,15.0,33.0,,9,1994,female,Spanish,,,Visual Arts,"I based it off of each round, contributing more to the group when I saw others do the same.",-,F2 would always either yield the same or more than F1 so I always chose F2.,-,,75,9,10,wheg36z2,,,,,,0
10,n8fskdr0,SSEL_B_10,0,803,821,csr_3_stageT,10,FinalResults2,10.224.77.174,2017-05-22 06:38:29.047341+00:00,0,1,,,80,2,F,,,,,,,,,,,,,,,21.0,10,5,33.0,26.0,15.0,5.0,0.3,10.0,,1.0,1.0,1.0,3.0,1.0,1.0,0.75,,F2,,N1,N1,15.0,5.0,5.0,15.0,26.0,,3,1997,female,Russian,,,Mechanical Engineering,"Contributing less to group exchange leads to higher profit, so I started to contribute 1 only",N/A,"I didn't want to increase the group exchange, so I chose F2",N/A,,80,6,10,wheg36z2,,,,,,0
11,gjjzypw0,SSEL_B_11,0,803,821,csr_3_stageT,10,FinalResults2,10.224.76.26,2017-05-22 06:38:34.668819+00:00,0,1,,,65,1,A,,,,,,,,,,,,,,,18.0,10,5,23.0,23.0,15.0,5.0,0.3,10.0,,1.0,1.0,1.0,3.0,1.0,1.0,0.75,A2,,A3,N1,A3,5.0,15.0,15.0,5.0,23.0,,4,1997,female,Russian,,,Economics,Depending on the total amount my group can contribute and the behavior in the previous round.,I always chose A2 because it increased my chances of getting more money,I would decide F2 because that increases my earnings,A3 is the safest choice with no fine,,65,8,10,wheg36z2,,,,,,0
12,jh0jvyqx,SSEL_B_12,0,803,821,csr_3_stageT,10,FinalResults2,10.224.76.104,2017-05-22 06:38:49.329304+00:00,0,1,,,65,1,A,,,,,,,,,,,,,,,18.0,10,5,23.0,23.0,15.0,5.0,0.3,10.0,,1.0,1.0,1.0,3.0,1.0,1.0,0.75,A2,,A3,N1,A3,5.0,15.0,15.0,5.0,23.0,,6,1998,female,Czech,,,Economics,"At first, I put a lot into the group exchange, yet seeing that the others did not do so as much, i decided to give the bare minimum into the group exchange. My decision was based on the decisions of other players. ","I decided for A2, as there was a possibility of getting 26 points int he better case scenario and in the worse case scenario I would get 23 points which is the same as in A1. ",NA,I always decided for A3 as this would benefit me. ,,65,9,10,wheg36z2,,,,,,0
13,ralqn835,SSEL_B_13,0,803,821,csr_3_stageT,10,FinalResults2,10.224.76.188,2017-05-22 06:38:53.245680+00:00,0,1,,,65,2,F,,,,,,,,,,,,,,,18.0,10,5,26.0,33.0,15.0,5.0,0.3,10.0,,1.0,1.0,1.0,3.0,1.0,1.0,0.75,,F2,,N1,A3,5.0,5.0,5.0,15.0,33.0,,5,1997,male,Uzbek,,,Computer Science,5%-Nash Equilibrium ,I was not,Always F2,I was not,,65,2,10,wheg36z2,,,,,,0
14,p0jrt99e,SSEL_B_14,0,803,821,csr_3_stageT,10,FinalResults2,10.224.77.130,2017-05-22 06:38:54.752662+00:00,0,1,,,55,1,A,,,,,,,,,,,,,,,18.0,10,5,23.0,23.0,15.0,5.0,0.3,10.0,,1.0,1.0,1.0,3.0,1.0,1.0,0.75,A2,,A3,N1,A3,5.0,15.0,15.0,5.0,23.0,,10,1995,male,Korean,,,"Philosophy, Arts Practice","On average (default), then a little more, then not at all.",A2 because the outcome can change.,F2 because the outcome can stay the same.,"A4 if I feel unfair for the group, and A3 if I felt I need to gain.",,55,4,10,wheg36z2,,,,,,0
15,sopbgk2i,SSEL_B_18,0,803,821,csr_3_stageT,10,FinalResults2,10.224.77.145,2017-05-22 06:38:55.773255+00:00,0,1,,,75,2,F,,,,,,,,,,,,,,,18.0,10,5,33.0,33.0,15.0,5.0,0.3,10.0,,1.0,1.0,1.0,3.0,1.0,1.0,0.75,,F2,,N1,A3,5.0,5.0,5.0,15.0,33.0,,11,1997,male,Pidgin English,,,Computer Engineering,"Based off the previous investment. If more people invested in the last round, I invested more in the next round.",I was a role F player,"I decided F2 most times because I calculated that I could get 26 or 33 points. But Role A participant could earn from 13 to 26 points. I felt, Role A player should choose if he/she wanted to leave it to nature or settle for 23 points in A3.",I was a role F player,,75,4,10,wheg36z2,,,,,,0
16,z8yh3j3m,SSEL_B_15,0,803,821,csr_3_stageT,10,FinalResults2,10.224.76.62,2017-05-22 06:39:00.445795+00:00,0,1,,,65,1,A,,,,,,,,,,,,,,,21.0,10,5,23.0,16.0,15.0,5.0,0.3,10.0,,1.0,1.0,1.0,3.0,1.0,1.0,0.75,A2,,A4,N1,N1,5.0,15.0,5.0,15.0,16.0,,2,1996,female,Fremch,,,Political Science and Philosophy,I tried contributing a lot and then contributing a little and looked at how people responded (whether they were generous or not) and then settled on an average amount for the rest of the game,I picked A2 most often because it made everyone earn more on average.,I wasn't player F,A4 was a no go because it had the potential of me paying a fee,,65,6,10,wheg36z2,,,,,,0
17,sbdutvye,SSEL_B_19,0,803,821,csr_3_stageT,10,FinalResults2,10.224.76.67,2017-05-22 06:39:01.064223+00:00,0,1,,,75,2,F,,,,,,,,,,,,,,,18.0,10,5,33.0,33.0,15.0,5.0,0.3,10.0,,1.0,1.0,1.0,3.0,1.0,1.0,0.75,,F1,,N1,A1,5.0,5.0,5.0,15.0,33.0,,10,1998,male,Arabic,,,Economics,Random choice,I was role F,"I chose F1, because it was the ethical decision.",I was role F,,75,5,10,wheg36z2,,,,,,0
18,bzt232iz,SSEL_B_16,0,803,821,csr_3_stageT,10,FinalResults2,10.224.77.185,2017-05-22 06:39:02.641713+00:00,0,1,,,80,2,F,,,,,,,,,,,,,,,18.0,10,5,33.0,33.0,15.0,5.0,0.3,10.0,,1.0,1.0,1.0,3.0,1.0,1.0,0.75,,F2,,N2,A1,5.0,5.0,5.0,15.0,33.0,,5,1997,female,Urdu,,,Physics and Philosophy,"No one knew how much I was going to contribute. To maximize my earnings, I contributed the most I could to my  personal exchange. Also, the groups were shuffled each time so no one would keep track of my contribution. ",A2 just to see if Role F chooses F1 and my total score increases.,"Choosing F1 would yield 26 points. Choosing F2 would either yield 26 or 33 points. There was no loss or risk in choosing F2 because in the first round, I would earn 26 points only. ",Always choose A3 because there is a fee in A4 irrespective of N1 and N2.,,80,1,10,wheg36z2,,,,,,0
19,ekbiybc6,SSEL_B_17,0,803,821,csr_3_stageT,10,FinalResults2,10.224.76.140,2017-05-22 06:39:06.744790+00:00,0,1,,,75,2,F,,,,,,,,,,,,,,,18.0,10,5,33.0,33.0,15.0,5.0,0.3,10.0,,1.0,1.0,1.0,3.0,1.0,1.0,0.75,,F2,,N1,A3,5.0,5.0,5.0,15.0,33.0,,2,1998,female,arabic,,,civil engineering,I decided to keep it as low as possible because as I tried contributing more than once I realized that everyone else contributes around 20% so contributing as low as possible will lower the risks.,If I was A player I would decide to pick A2 because in this way I would consulting other people in the decision making process.,I would pick F2 because again it has mote returns for the F player,I would pick A4 because it has higher probability for more  returns.,,75,8,10,wheg36z2,,,,,,0
20,7pyi0chy,SSEL_B_20,0,803,821,csr_3_stageT,10,FinalResults2,10.224.76.136,2017-05-22 06:39:06.769581+00:00,0,1,,,70,2,F,,,,,,,,,,,,,,,18.0,10,5,33.0,33.0,15.0,5.0,0.3,10.0,,1.0,1.0,1.0,3.0,1.0,1.0,0.75,,F2,,N1,A3,5.0,5.0,5.0,15.0,33.0,,8,1993,male,English,,,Computer Engineering,I was randomly contacted by one of the research officials,The same concept as explained in the the question after this. I will weigh my options to find know which choice is better,"I was more interested in the occurrence with the highest probability of occurring until i realized that my partner was also dependent on the higher probability. Having noticed that, I realized it will be safer to risk with the lower probability as that happens sometimes.",I will again look at  the statistics to decide which options are more probable.,,70,7,10,wheg36z2,,,,,,0
1,yc7mtep7,SSEL_B_01,0,803,821,csr_3_stageT,10,FinalResults2,10.224.77.117,2017-05-22 06:37:07.958415+00:00,0,1,,,60,1,,,,,,,,,,,,,,,,,10,,,,15.0,5.0,0.3,10.0,,1.0,1.0,1.0,3.0,1.0,1.0,0.75,,,,,,,,,,,,,,,,,,,,,,,,0,2,11,wheg36z2,,,,,,0
2,2ccmbtvh,SSEL_B_02,0,803,821,csr_3_stageT,10,FinalResults2,10.224.76.142,2017-05-22 06:37:15.132664+00:00,0,1,,,85,2,,,,,,,,,,,,,,,,,10,,,,15.0,5.0,0.3,10.0,,1.0,1.0,1.0,3.0,1.0,1.0,0.75,,,,,,,,,,,,,,,,,,,,,,,,0,3,11,wheg36z2,,,,,,0
3,n075zyx5,SSEL_B_03,0,803,821,csr_3_stageT,10,FinalResults2,10.224.77.115,2017-05-22 06:37:31.590088+00:00,0,1,,,50,1,,,,,,,,,,,,,,,,,10,,,,15.0,5.0,0.3,10.0,,1.0,1.0,1.0,3.0,1.0,1.0,0.75,,,,,,,,,,,,,,,,,,,,,,,,0,5,11,wheg36z2,,,,,,0
4,sn7zoalz,SSEL_B_04,0,803,821,csr_3_stageT,10,FinalResults2,10.224.76.198,2017-05-22 06:37:40.467183+00:00,0,1,,,65,1,,,,,,,,,,,,,,,,,10,,,,15.0,5.0,0.3,10.0,,1.0,1.0,1.0,3.0,1.0,1.0,0.75,,,,,,,,,,,,,,,,,,,,,,,,0,3,11,wheg36z2,,,,,,0
5,yw177pu2,SSEL_B_05,0,803,821,csr_3_stageT,10,FinalResults2,10.224.76.71,2017-05-22 06:37:46.856588+00:00,0,1,,,65,1,,,,,,,,,,,,,,,,,10,,,,15.0,5.0,0.3,10.0,,1.0,1.0,1.0,3.0,1.0,1.0,0.75,,,,,,,,,,,,,,,,,,,,,,,,0,10,11,wheg36z2,,,,,,0
6,mw3d6c72,SSEL_B_07,0,803,821,csr_3_stageT,10,FinalResults2,10.224.76.220,2017-05-22 06:38:06.830419+00:00,0,1,,,65,1,,,,,,,,,,,,,,,,,10,,,,15.0,5.0,0.3,10.0,,1.0,1.0,1.0,3.0,1.0,1.0,0.75,,,,,,,,,,,,,,,,,,,,,,,,0,7,11,wheg36z2,,,,,,0
7,c7ssmw0g,SSEL_B_08,0,803,821,csr_3_stageT,10,FinalResults2,10.224.77.202,2017-05-22 06:38:13.171572+00:00,0,1,,,75,2,,,,,,,,,,,,,,,,,10,,,,15.0,5.0,0.3,10.0,,1.0,1.0,1.0,3.0,1.0,1.0,0.75,,,,,,,,,,,,,,,,,,,,,,,,0,10,11,wheg36z2,,,,,,0
8,jr7hrd3s,SSEL_B_09,0,803,821,csr_3_stageT,10,FinalResults2,10.224.76.120,2017-05-22 06:38:19.268794+00:00,0,1,,,55,1,,,,,,,,,,,,,,,,,10,,,,15.0,5.0,0.3,10.0,,1.0,1.0,1.0,3.0,1.0,1.0,0.75,,,,,,,,,,,,,,,,,,,,,,,,0,1,11,wheg36z2,,,,,,0
9,am33fy92,SSEL_B_06,0,803,821,csr_3_stageT,10,FinalResults2,10.224.77.203,2017-05-22 06:38:34.314065+00:00,0,1,,,75,2,,,,,,,,,,,,,,,,,10,,,,15.0,5.0,0.3,10.0,,1.0,1.0,1.0,3.0,1.0,1.0,0.75,,,,,,,,,,,,,,,,,,,,,,,,0,9,11,wheg36z2,,,,,,0
10,n8fskdr0,SSEL_B_10,0,803,821,csr_3_stageT,10,FinalResults2,10.224.77.174,2017-05-22 06:38:29.047341+00:00,0,1,,,80,2,,,,,,,,,,,,,,,,,10,,,,15.0,5.0,0.3,10.0,,1.0,1.0,1.0,3.0,1.0,1.0,0.75,,,,,,,,,,,,,,,,,,,,,,,,0,6,11,wheg36z2,,,,,,0
11,gjjzypw0,SSEL_B_11,0,803,821,csr_3_stageT,10,FinalResults2,10.224.76.26,2017-05-22 06:38:34.668819+00:00,0,1,,,65,1,,,,,,,,,,,,,,,,,10,,,,15.0,5.0,0.3,10.0,,1.0,1.0,1.0,3.0,1.0,1.0,0.75,,,,,,,,,,,,,,,,,,,,,,,,0,8,11,wheg36z2,,,,,,0
12,jh0jvyqx,SSEL_B_12,0,803,821,csr_3_stageT,10,FinalResults2,10.224.76.104,2017-05-22 06:38:49.329304+00:00,0,1,,,65,1,,,,,,,,,,,,,,,,,10,,,,15.0,5.0,0.3,10.0,,1.0,1.0,1.0,3.0,1.0,1.0,0.75,,,,,,,,,,,,,,,,,,,,,,,,0,9,11,wheg36z2,,,,,,0
13,ralqn835,SSEL_B_13,0,803,821,csr_3_stageT,10,FinalResults2,10.224.76.188,2017-05-22 06:38:53.245680+00:00,0,1,,,65,2,,,,,,,,,,,,,,,,,10,,,,15.0,5.0,0.3,10.0,,1.0,1.0,1.0,3.0,1.0,1.0,0.75,,,,,,,,,,,,,,,,,,,,,,,,0,2,11,wheg36z2,,,,,,0
14,p0jrt99e,SSEL_B_14,0,803,821,csr_3_stageT,10,FinalResults2,10.224.77.130,2017-05-22 06:38:54.752662+00:00,0,1,,,55,1,,,,,,,,,,,,,,,,,10,,,,15.0,5.0,0.3,10.0,,1.0,1.0,1.0,3.0,1.0,1.0,0.75,,,,,,,,,,,,,,,,,,,,,,,,0,4,11,wheg36z2,,,,,,0
15,sopbgk2i,SSEL_B_18,0,803,821,csr_3_stageT,10,FinalResults2,10.224.77.145,2017-05-22 06:38:55.773255+00:00,0,1,,,75,2,,,,,,,,,,,,,,,,,10,,,,15.0,5.0,0.3,10.0,,1.0,1.0,1.0,3.0,1.0,1.0,0.75,,,,,,,,,,,,,,,,,,,,,,,,0,4,11,wheg36z2,,,,,,0
16,z8yh3j3m,SSEL_B_15,0,803,821,csr_3_stageT,10,FinalResults2,10.224.76.62,2017-05-22 06:39:00.445795+00:00,0,1,,,65,1,,,,,,,,,,,,,,,,,10,,,,15.0,5.0,0.3,10.0,,1.0,1.0,1.0,3.0,1.0,1.0,0.75,,,,,,,,,,,,,,,,,,,,,,,,0,6,11,wheg36z2,,,,,,0
17,sbdutvye,SSEL_B_19,0,803,821,csr_3_stageT,10,FinalResults2,10.224.76.67,2017-05-22 06:39:01.064223+00:00,0,1,,,75,2,,,,,,,,,,,,,,,,,10,,,,15.0,5.0,0.3,10.0,,1.0,1.0,1.0,3.0,1.0,1.0,0.75,,,,,,,,,,,,,,,,,,,,,,,,0,5,11,wheg36z2,,,,,,0
18,bzt232iz,SSEL_B_16,0,803,821,csr_3_stageT,10,FinalResults2,10.224.77.185,2017-05-22 06:39:02.641713+00:00,0,1,,,80,2,,,,,,,,,,,,,,,,,10,,,,15.0,5.0,0.3,10.0,,1.0,1.0,1.0,3.0,1.0,1.0,0.75,,,,,,,,,,,,,,,,,,,,,,,,0,1,11,wheg36z2,,,,,,0
19,ekbiybc6,SSEL_B_17,0,803,821,csr_3_stageT,10,FinalResults2,10.224.76.140,2017-05-22 06:39:06.744790+00:00,0,1,,,75,2,,,,,,,,,,,,,,,,,10,,,,15.0,5.0,0.3,10.0,,1.0,1.0,1.0,3.0,1.0,1.0,0.75,,,,,,,,,,,,,,,,,,,,,,,,0,8,11,wheg36z2,,,,,,0
20,7pyi0chy,SSEL_B_20,0,803,821,csr_3_stageT,10,FinalResults2,10.224.76.136,2017-05-22 06:39:06.769581+00:00,0,1,,,70,2,,,,,,,,,,,,,,,,,10,,,,15.0,5.0,0.3,10.0,,1.0,1.0,1.0,3.0,1.0,1.0,0.75,,,,,,,,,,,,,,,,,,,,,,,,0,7,11,wheg36z2,,,,,,0
