session_id,participant__id_in_session,participant__code,page_index,app_name,page_name,time_stamp,seconds_on_page,subsession_pk,auto_submitted
1,1,esab1z3s,1,csr_0_realeffort,holdon,1490519384,2056,1,True
1,1,esab1z3s,7,csr_0_realeffort,Instructions2,1490519509,125,2,True
1,1,esab1z3s,13,csr_0_realeffort,TranscribeTask,1490519541,32,3,False
1,1,esab1z3s,18,csr_0_realeffort,TranscribeTask,1490519553,12,4,False
1,1,esab1z3s,23,csr_0_realeffort,TranscribeTask,1490519569,16,5,False
1,1,esab1z3s,28,csr_0_realeffort,TranscribeTask,1490519582,13,6,False
1,1,esab1z3s,33,csr_0_realeffort,TranscribeTask,1490519595,13,7,False
1,1,esab1z3s,38,csr_0_realeffort,TranscribeTask,1490519611,16,8,False
1,1,esab1z3s,43,csr_0_realeffort,TranscribeTask,1490519629,18,9,False
1,1,esab1z3s,48,csr_0_realeffort,TranscribeTask,1490519646,17,10,False
1,1,esab1z3s,53,csr_0_realeffort,TranscribeTask,1490519660,14,11,False
1,1,esab1z3s,58,csr_0_realeffort,TranscribeTask,1490519673,13,12,False
1,1,esab1z3s,63,csr_0_realeffort,TranscribeTask,1490519688,15,13,False
1,1,esab1z3s,68,csr_0_realeffort,TranscribeTask,1490519702,14,14,False
1,1,esab1z3s,73,csr_0_realeffort,TranscribeTask,1490519722,20,15,False
1,1,esab1z3s,78,csr_0_realeffort,TranscribeTask,1490519738,16,16,False
1,1,esab1z3s,83,csr_0_realeffort,TranscribeTask,1490519753,15,17,False
1,1,esab1z3s,88,csr_0_realeffort,TranscribeTask,1490519768,15,18,False
1,1,esab1z3s,93,csr_0_realeffort,TranscribeTask,1490519782,14,19,False
1,1,esab1z3s,98,csr_0_realeffort,TranscribeTask,1490519793,11,20,False
1,1,esab1z3s,103,csr_0_realeffort,TranscribeTask,1490519807,14,21,False
1,1,esab1z3s,108,csr_0_realeffort,TranscribeTask,1490519809,2,22,False
1,1,esab1z3s,499,csr_0_realeffort,ResultsWaitPage,1490519817,8,100,False
1,1,esab1z3s,505,csr_0_realeffort,TaskResults,1490519857,40,101,False
1,1,esab1z3s,1001,csr_1_quiz_coldPrickle,Instructions3,1490520200,343,1,True
1,1,esab1z3s,1010,csr_1_quiz_coldPrickle,quiz1,1490520443,243,2,False
1,1,esab1z3s,1019,csr_1_quiz_coldPrickle,quiz1_sol,1490520449,6,3,False
1,1,esab1z3s,1044,csr_1_quiz_coldPrickle,quiz3,1490520553,104,6,False
1,1,esab1z3s,1053,csr_1_quiz_coldPrickle,quiz3_sol,1490520555,2,7,False
1,1,esab1z3s,1078,csr_1_quiz_coldPrickle,quiz5,1490520689,134,10,False
1,1,esab1z3s,1087,csr_1_quiz_coldPrickle,quiz5_sol,1490520691,2,11,False
1,1,esab1z3s,1112,csr_1_quiz_coldPrickle,WaitPage,1490520786,95,14,False
1,1,esab1z3s,1113,csr_2_vcm_coldPrickle,WaitPage1,1490521296,510,1,False
1,1,esab1z3s,1114,csr_2_vcm_coldPrickle,Instructions,1490521309,13,1,False
1,1,esab1z3s,1115,csr_2_vcm_coldPrickle,WaitPage,1490521309,0,1,False
1,1,esab1z3s,1116,csr_2_vcm_coldPrickle,SelectInvestment,1490521326,17,1,False
1,1,esab1z3s,1117,csr_2_vcm_coldPrickle,WaitPage2,1490521367,41,1,False
1,1,esab1z3s,1118,csr_2_vcm_coldPrickle,SelectInvestment_Review,1490521386,19,1,False
1,1,esab1z3s,1119,csr_2_vcm_coldPrickle,ShuffleWaitPage,1490521467,81,1,False
1,1,esab1z3s,1124,csr_2_vcm_coldPrickle,WaitPage,1490521468,1,2,False
1,1,esab1z3s,1125,csr_2_vcm_coldPrickle,SelectInvestment,1490521485,17,2,False
1,1,esab1z3s,1126,csr_2_vcm_coldPrickle,WaitPage2,1490521485,0,2,False
1,1,esab1z3s,1127,csr_2_vcm_coldPrickle,SelectInvestment_Review,1490521496,11,2,False
1,1,esab1z3s,1128,csr_2_vcm_coldPrickle,ShuffleWaitPage,1490521594,98,2,False
1,1,esab1z3s,1133,csr_2_vcm_coldPrickle,WaitPage,1490521595,1,3,False
1,1,esab1z3s,1134,csr_2_vcm_coldPrickle,SelectInvestment,1490521609,14,3,False
1,1,esab1z3s,1135,csr_2_vcm_coldPrickle,WaitPage2,1490521681,72,3,False
1,1,esab1z3s,1136,csr_2_vcm_coldPrickle,SelectInvestment_Review,1490521705,24,3,False
1,1,esab1z3s,1137,csr_2_vcm_coldPrickle,ShuffleWaitPage,1490521709,4,3,False
1,1,esab1z3s,1142,csr_2_vcm_coldPrickle,WaitPage,1490521710,1,4,False
1,1,esab1z3s,1143,csr_2_vcm_coldPrickle,SelectInvestment,1490521718,8,4,False
1,1,esab1z3s,1144,csr_2_vcm_coldPrickle,WaitPage2,1490521732,14,4,False
1,1,esab1z3s,1145,csr_2_vcm_coldPrickle,SelectInvestment_Review,1490521741,9,4,False
1,1,esab1z3s,1146,csr_2_vcm_coldPrickle,ShuffleWaitPage,1490521769,28,4,False
1,1,esab1z3s,1151,csr_2_vcm_coldPrickle,WaitPage,1490521769,0,5,False
1,1,esab1z3s,1152,csr_2_vcm_coldPrickle,SelectInvestment,1490521782,13,5,False
1,1,esab1z3s,1153,csr_2_vcm_coldPrickle,WaitPage2,1490521817,35,5,False
1,1,esab1z3s,1154,csr_2_vcm_coldPrickle,SelectInvestment_Review,1490521827,10,5,False
1,1,esab1z3s,1155,csr_2_vcm_coldPrickle,ShuffleWaitPage,1490521842,15,5,False
1,1,esab1z3s,1160,csr_2_vcm_coldPrickle,WaitPage,1490521844,2,6,False
1,1,esab1z3s,1161,csr_2_vcm_coldPrickle,SelectInvestment,1490521852,8,6,False
1,1,esab1z3s,1162,csr_2_vcm_coldPrickle,WaitPage2,1490521870,18,6,False
1,1,esab1z3s,1163,csr_2_vcm_coldPrickle,SelectInvestment_Review,1490521882,12,6,False
1,1,esab1z3s,1164,csr_2_vcm_coldPrickle,ShuffleWaitPage,1490521912,30,6,False
1,1,esab1z3s,1169,csr_2_vcm_coldPrickle,WaitPage,1490521913,1,7,False
1,1,esab1z3s,1170,csr_2_vcm_coldPrickle,SelectInvestment,1490521919,6,7,False
1,1,esab1z3s,1171,csr_2_vcm_coldPrickle,WaitPage2,1490521927,8,7,False
1,1,esab1z3s,1172,csr_2_vcm_coldPrickle,SelectInvestment_Review,1490521939,12,7,False
1,1,esab1z3s,1173,csr_2_vcm_coldPrickle,ShuffleWaitPage,1490521984,45,7,False
1,1,esab1z3s,1178,csr_2_vcm_coldPrickle,WaitPage,1490521985,1,8,False
1,1,esab1z3s,1179,csr_2_vcm_coldPrickle,SelectInvestment,1490521992,7,8,False
1,1,esab1z3s,1180,csr_2_vcm_coldPrickle,WaitPage2,1490522000,8,8,False
1,1,esab1z3s,1181,csr_2_vcm_coldPrickle,SelectInvestment_Review,1490522006,6,8,False
1,1,esab1z3s,1182,csr_2_vcm_coldPrickle,ShuffleWaitPage,1490522040,34,8,False
1,1,esab1z3s,1187,csr_2_vcm_coldPrickle,WaitPage,1490522041,1,9,False
1,1,esab1z3s,1188,csr_2_vcm_coldPrickle,SelectInvestment,1490522047,6,9,False
1,1,esab1z3s,1189,csr_2_vcm_coldPrickle,WaitPage2,1490522056,9,9,False
1,1,esab1z3s,1190,csr_2_vcm_coldPrickle,SelectInvestment_Review,1490522063,7,9,False
1,1,esab1z3s,1191,csr_2_vcm_coldPrickle,ShuffleWaitPage,1490522075,12,9,False
1,1,esab1z3s,1196,csr_2_vcm_coldPrickle,WaitPage,1490522075,0,10,False
1,1,esab1z3s,1197,csr_2_vcm_coldPrickle,SelectInvestment,1490522087,12,10,False
1,1,esab1z3s,1198,csr_2_vcm_coldPrickle,WaitPage2,1490522087,0,10,False
1,1,esab1z3s,1199,csr_2_vcm_coldPrickle,SelectInvestment_Review,1490522096,9,10,False
1,1,esab1z3s,1201,csr_2_vcm_coldPrickle,Part3_prep,1490522145,49,10,True
1,1,esab1z3s,1202,csr_2_vcm_coldPrickle,WaitPage3,1490522146,1,10,False
1,1,esab1z3s,1205,csr_2_vcm_coldPrickle,WaitPage,1490522147,1,11,False
1,1,esab1z3s,1212,csr_3_stageT_coldPrickle,InitWaitPage,1490522148,1,1,False
1,1,esab1z3s,1213,csr_3_stageT_coldPrickle,Instructions,1490522388,240,1,True
1,1,esab1z3s,1214,csr_3_stageT_coldPrickle,quiz1,1490522424,36,1,False
1,1,esab1z3s,1215,csr_3_stageT_coldPrickle,quiz1_sol,1490522429,5,1,False
1,1,esab1z3s,1216,csr_3_stageT_coldPrickle,quiz2,1490522470,41,1,False
1,1,esab1z3s,1217,csr_3_stageT_coldPrickle,quiz2_sol,1490522473,3,1,False
1,1,esab1z3s,1219,csr_3_stageT_coldPrickle,pregame,1490522510,37,1,False
1,1,esab1z3s,1220,csr_3_stageT_coldPrickle,A_Stage1,1490522538,28,1,False
1,1,esab1z3s,1221,csr_3_stageT_coldPrickle,WaitPage_F1,1490522608,70,1,False
1,1,esab1z3s,1223,csr_3_stageT_coldPrickle,WaitPage_A1,1490522666,58,1,False
1,1,esab1z3s,1224,csr_3_stageT_coldPrickle,A_Stage3,1490522699,33,1,False
1,1,esab1z3s,1225,csr_3_stageT_coldPrickle,WaitPage_F2,1490522699,0,1,False
1,1,esab1z3s,1226,csr_3_stageT_coldPrickle,Nature,1490522710,11,1,False
1,1,esab1z3s,1227,csr_3_stageT_coldPrickle,Results,1490522733,23,1,False
1,2,f8kku8dk,1,csr_0_realeffort,holdon,1490519384,1919,1,True
1,2,f8kku8dk,7,csr_0_realeffort,Instructions2,1490519509,125,2,True
1,2,f8kku8dk,13,csr_0_realeffort,TranscribeTask,1490519523,14,3,False
1,2,f8kku8dk,18,csr_0_realeffort,TranscribeTask,1490519532,9,4,False
1,2,f8kku8dk,23,csr_0_realeffort,TranscribeTask,1490519542,10,5,False
1,2,f8kku8dk,28,csr_0_realeffort,TranscribeTask,1490519552,10,6,False
1,2,f8kku8dk,33,csr_0_realeffort,TranscribeTask,1490519562,10,7,False
1,2,f8kku8dk,38,csr_0_realeffort,TranscribeTask,1490519572,10,8,False
1,2,f8kku8dk,43,csr_0_realeffort,TranscribeTask,1490519583,11,9,False
1,2,f8kku8dk,48,csr_0_realeffort,TranscribeTask,1490519592,9,10,False
1,2,f8kku8dk,53,csr_0_realeffort,TranscribeTask,1490519603,11,11,False
1,2,f8kku8dk,58,csr_0_realeffort,TranscribeTask,1490519610,7,12,False
1,2,f8kku8dk,63,csr_0_realeffort,TranscribeTask,1490519621,11,13,False
1,2,f8kku8dk,68,csr_0_realeffort,TranscribeTask,1490519632,11,14,False
1,2,f8kku8dk,73,csr_0_realeffort,TranscribeTask,1490519643,11,15,False
1,2,f8kku8dk,78,csr_0_realeffort,TranscribeTask,1490519655,12,16,False
1,2,f8kku8dk,83,csr_0_realeffort,TranscribeTask,1490519666,11,17,False
1,2,f8kku8dk,88,csr_0_realeffort,TranscribeTask,1490519680,14,18,False
1,2,f8kku8dk,93,csr_0_realeffort,TranscribeTask,1490519690,10,19,False
1,2,f8kku8dk,98,csr_0_realeffort,TranscribeTask,1490519698,8,20,False
1,2,f8kku8dk,103,csr_0_realeffort,TranscribeTask,1490519712,14,21,False
1,2,f8kku8dk,108,csr_0_realeffort,TranscribeTask,1490519722,10,22,False
1,2,f8kku8dk,113,csr_0_realeffort,TranscribeTask,1490519731,9,23,False
1,2,f8kku8dk,118,csr_0_realeffort,TranscribeTask,1490519742,11,24,False
1,2,f8kku8dk,123,csr_0_realeffort,TranscribeTask,1490519753,11,25,False
1,2,f8kku8dk,128,csr_0_realeffort,TranscribeTask,1490519764,11,26,False
1,2,f8kku8dk,133,csr_0_realeffort,TranscribeTask,1490519774,10,27,False
1,2,f8kku8dk,138,csr_0_realeffort,TranscribeTask,1490519783,9,28,False
1,2,f8kku8dk,143,csr_0_realeffort,TranscribeTask,1490519792,9,29,False
1,2,f8kku8dk,148,csr_0_realeffort,TranscribeTask,1490519803,11,30,False
1,2,f8kku8dk,153,csr_0_realeffort,TranscribeTask,1490519810,7,31,False
1,2,f8kku8dk,499,csr_0_realeffort,ResultsWaitPage,1490519817,7,100,False
1,2,f8kku8dk,505,csr_0_realeffort,TaskResults,1490519865,48,101,False
1,2,f8kku8dk,1001,csr_1_quiz_coldPrickle,Instructions3,1490520200,335,1,True
1,2,f8kku8dk,1010,csr_1_quiz_coldPrickle,quiz1,1490520222,22,2,False
1,2,f8kku8dk,1019,csr_1_quiz_coldPrickle,quiz1_sol,1490520226,4,3,False
1,2,f8kku8dk,1044,csr_1_quiz_coldPrickle,quiz3,1490520303,77,6,False
1,2,f8kku8dk,1053,csr_1_quiz_coldPrickle,quiz3_sol,1490520306,3,7,False
1,2,f8kku8dk,1078,csr_1_quiz_coldPrickle,quiz5,1490520428,122,10,False
1,2,f8kku8dk,1087,csr_1_quiz_coldPrickle,quiz5_sol,1490520430,2,11,False
1,2,f8kku8dk,1112,csr_1_quiz_coldPrickle,WaitPage,1490520786,356,14,False
1,2,f8kku8dk,1113,csr_2_vcm_coldPrickle,WaitPage1,1490521296,510,1,False
1,2,f8kku8dk,1114,csr_2_vcm_coldPrickle,Instructions,1490521302,6,1,False
1,2,f8kku8dk,1115,csr_2_vcm_coldPrickle,WaitPage,1490521309,7,1,False
1,2,f8kku8dk,1116,csr_2_vcm_coldPrickle,SelectInvestment,1490521317,8,1,False
1,2,f8kku8dk,1117,csr_2_vcm_coldPrickle,WaitPage2,1490521367,50,1,False
1,2,f8kku8dk,1118,csr_2_vcm_coldPrickle,SelectInvestment_Review,1490521398,31,1,False
1,2,f8kku8dk,1119,csr_2_vcm_coldPrickle,ShuffleWaitPage,1490521467,69,1,False
1,2,f8kku8dk,1124,csr_2_vcm_coldPrickle,WaitPage,1490521467,0,2,False
1,2,f8kku8dk,1125,csr_2_vcm_coldPrickle,SelectInvestment,1490521477,10,2,False
1,2,f8kku8dk,1126,csr_2_vcm_coldPrickle,WaitPage2,1490521485,8,2,False
1,2,f8kku8dk,1127,csr_2_vcm_coldPrickle,SelectInvestment_Review,1490521504,19,2,False
1,2,f8kku8dk,1128,csr_2_vcm_coldPrickle,ShuffleWaitPage,1490521594,90,2,False
1,2,f8kku8dk,1133,csr_2_vcm_coldPrickle,WaitPage,1490521595,1,3,False
1,2,f8kku8dk,1134,csr_2_vcm_coldPrickle,SelectInvestment,1490521608,13,3,False
1,2,f8kku8dk,1135,csr_2_vcm_coldPrickle,WaitPage2,1490521668,60,3,False
1,2,f8kku8dk,1136,csr_2_vcm_coldPrickle,SelectInvestment_Review,1490521678,10,3,False
1,2,f8kku8dk,1137,csr_2_vcm_coldPrickle,ShuffleWaitPage,1490521709,31,3,False
1,2,f8kku8dk,1142,csr_2_vcm_coldPrickle,WaitPage,1490521710,1,4,False
1,2,f8kku8dk,1143,csr_2_vcm_coldPrickle,SelectInvestment,1490521722,12,4,False
1,2,f8kku8dk,1144,csr_2_vcm_coldPrickle,WaitPage2,1490521742,20,4,False
1,2,f8kku8dk,1145,csr_2_vcm_coldPrickle,SelectInvestment_Review,1490521755,13,4,False
1,2,f8kku8dk,1146,csr_2_vcm_coldPrickle,ShuffleWaitPage,1490521769,14,4,False
1,2,f8kku8dk,1151,csr_2_vcm_coldPrickle,WaitPage,1490521769,0,5,False
1,2,f8kku8dk,1152,csr_2_vcm_coldPrickle,SelectInvestment,1490521772,3,5,False
1,2,f8kku8dk,1153,csr_2_vcm_coldPrickle,WaitPage2,1490521817,45,5,False
1,2,f8kku8dk,1154,csr_2_vcm_coldPrickle,SelectInvestment_Review,1490521822,5,5,False
1,2,f8kku8dk,1155,csr_2_vcm_coldPrickle,ShuffleWaitPage,1490521842,20,5,False
1,2,f8kku8dk,1160,csr_2_vcm_coldPrickle,WaitPage,1490521843,1,6,False
1,2,f8kku8dk,1161,csr_2_vcm_coldPrickle,SelectInvestment,1490521849,6,6,False
1,2,f8kku8dk,1162,csr_2_vcm_coldPrickle,WaitPage2,1490521870,21,6,False
1,2,f8kku8dk,1163,csr_2_vcm_coldPrickle,SelectInvestment_Review,1490521884,14,6,False
1,2,f8kku8dk,1164,csr_2_vcm_coldPrickle,ShuffleWaitPage,1490521912,28,6,False
1,2,f8kku8dk,1169,csr_2_vcm_coldPrickle,WaitPage,1490521913,1,7,False
1,2,f8kku8dk,1170,csr_2_vcm_coldPrickle,SelectInvestment,1490521923,10,7,False
1,2,f8kku8dk,1171,csr_2_vcm_coldPrickle,WaitPage2,1490521967,44,7,False
1,2,f8kku8dk,1172,csr_2_vcm_coldPrickle,SelectInvestment_Review,1490521972,5,7,False
1,2,f8kku8dk,1173,csr_2_vcm_coldPrickle,ShuffleWaitPage,1490521984,12,7,False
1,2,f8kku8dk,1178,csr_2_vcm_coldPrickle,WaitPage,1490521985,1,8,False
1,2,f8kku8dk,1179,csr_2_vcm_coldPrickle,SelectInvestment,1490521988,3,8,False
1,2,f8kku8dk,1180,csr_2_vcm_coldPrickle,WaitPage2,1490522021,33,8,False
1,2,f8kku8dk,1181,csr_2_vcm_coldPrickle,SelectInvestment_Review,1490522028,7,8,False
1,2,f8kku8dk,1182,csr_2_vcm_coldPrickle,ShuffleWaitPage,1490522040,12,8,False
1,2,f8kku8dk,1187,csr_2_vcm_coldPrickle,WaitPage,1490522041,1,9,False
1,2,f8kku8dk,1188,csr_2_vcm_coldPrickle,SelectInvestment,1490522046,5,9,False
1,2,f8kku8dk,1189,csr_2_vcm_coldPrickle,WaitPage2,1490522056,10,9,False
1,2,f8kku8dk,1190,csr_2_vcm_coldPrickle,SelectInvestment_Review,1490522061,5,9,False
1,2,f8kku8dk,1191,csr_2_vcm_coldPrickle,ShuffleWaitPage,1490522074,13,9,False
1,2,f8kku8dk,1196,csr_2_vcm_coldPrickle,WaitPage,1490522075,1,10,False
1,2,f8kku8dk,1197,csr_2_vcm_coldPrickle,SelectInvestment,1490522082,7,10,False
1,2,f8kku8dk,1198,csr_2_vcm_coldPrickle,WaitPage2,1490522109,27,10,False
1,2,f8kku8dk,1199,csr_2_vcm_coldPrickle,SelectInvestment_Review,1490522112,3,10,False
1,2,f8kku8dk,1201,csr_2_vcm_coldPrickle,Part3_prep,1490522145,33,10,True
1,2,f8kku8dk,1202,csr_2_vcm_coldPrickle,WaitPage3,1490522146,1,10,False
1,2,f8kku8dk,1205,csr_2_vcm_coldPrickle,WaitPage,1490522147,1,11,False
1,2,f8kku8dk,1212,csr_3_stageT_coldPrickle,InitWaitPage,1490522148,1,1,False
1,2,f8kku8dk,1213,csr_3_stageT_coldPrickle,Instructions,1490522388,240,1,True
1,2,f8kku8dk,1214,csr_3_stageT_coldPrickle,quiz1,1490522405,17,1,False
1,2,f8kku8dk,1215,csr_3_stageT_coldPrickle,quiz1_sol,1490522408,3,1,False
1,2,f8kku8dk,1216,csr_3_stageT_coldPrickle,quiz2,1490522434,26,1,False
1,2,f8kku8dk,1217,csr_3_stageT_coldPrickle,quiz2_sol,1490522435,1,1,False
1,2,f8kku8dk,1219,csr_3_stageT_coldPrickle,pregame,1490522467,32,1,False
1,2,f8kku8dk,1220,csr_3_stageT_coldPrickle,A_Stage1,1490522478,11,1,False
1,2,f8kku8dk,1221,csr_3_stageT_coldPrickle,WaitPage_F1,1490522656,178,1,False
1,2,f8kku8dk,1223,csr_3_stageT_coldPrickle,WaitPage_A1,1490522733,77,1,False
1,2,f8kku8dk,1224,csr_3_stageT_coldPrickle,A_Stage3,1490522757,24,1,False
1,2,f8kku8dk,1225,csr_3_stageT_coldPrickle,WaitPage_F2,1490522758,1,1,False
1,2,f8kku8dk,1226,csr_3_stageT_coldPrickle,Nature,1490522772,14,1,False
1,2,f8kku8dk,1227,csr_3_stageT_coldPrickle,Results,1490522789,17,1,False
1,3,6lfwbios,1,csr_0_realeffort,holdon,1490519384,1905,1,True
1,3,6lfwbios,7,csr_0_realeffort,Instructions2,1490519510,126,2,True
1,3,6lfwbios,13,csr_0_realeffort,TranscribeTask,1490519517,7,3,False
1,3,6lfwbios,18,csr_0_realeffort,TranscribeTask,1490519522,5,4,False
1,3,6lfwbios,23,csr_0_realeffort,TranscribeTask,1490519529,7,5,False
1,3,6lfwbios,28,csr_0_realeffort,TranscribeTask,1490519535,6,6,False
1,3,6lfwbios,33,csr_0_realeffort,TranscribeTask,1490519545,10,7,False
1,3,6lfwbios,38,csr_0_realeffort,TranscribeTask,1490519551,6,8,False
1,3,6lfwbios,43,csr_0_realeffort,TranscribeTask,1490519558,7,9,False
1,3,6lfwbios,48,csr_0_realeffort,TranscribeTask,1490519564,6,10,False
1,3,6lfwbios,53,csr_0_realeffort,TranscribeTask,1490519570,6,11,False
1,3,6lfwbios,58,csr_0_realeffort,TranscribeTask,1490519577,7,12,False
1,3,6lfwbios,63,csr_0_realeffort,TranscribeTask,1490519584,7,13,False
1,3,6lfwbios,68,csr_0_realeffort,TranscribeTask,1490519589,5,14,False
1,3,6lfwbios,73,csr_0_realeffort,TranscribeTask,1490519601,12,15,False
1,3,6lfwbios,78,csr_0_realeffort,TranscribeTask,1490519607,6,16,False
1,3,6lfwbios,83,csr_0_realeffort,TranscribeTask,1490519614,7,17,False
1,3,6lfwbios,88,csr_0_realeffort,TranscribeTask,1490519621,7,18,False
1,3,6lfwbios,93,csr_0_realeffort,TranscribeTask,1490519628,7,19,False
1,3,6lfwbios,98,csr_0_realeffort,TranscribeTask,1490519634,6,20,False
1,3,6lfwbios,103,csr_0_realeffort,TranscribeTask,1490519646,12,21,False
1,3,6lfwbios,108,csr_0_realeffort,TranscribeTask,1490519654,8,22,False
1,3,6lfwbios,113,csr_0_realeffort,TranscribeTask,1490519660,6,23,False
1,3,6lfwbios,118,csr_0_realeffort,TranscribeTask,1490519667,7,24,False
1,3,6lfwbios,123,csr_0_realeffort,TranscribeTask,1490519675,8,25,False
1,3,6lfwbios,128,csr_0_realeffort,TranscribeTask,1490519681,6,26,False
1,3,6lfwbios,133,csr_0_realeffort,TranscribeTask,1490519690,9,27,False
1,3,6lfwbios,138,csr_0_realeffort,TranscribeTask,1490519699,9,28,False
1,3,6lfwbios,143,csr_0_realeffort,TranscribeTask,1490519706,7,29,False
1,3,6lfwbios,148,csr_0_realeffort,TranscribeTask,1490519712,6,30,False
1,3,6lfwbios,153,csr_0_realeffort,TranscribeTask,1490519722,10,31,False
1,3,6lfwbios,158,csr_0_realeffort,TranscribeTask,1490519726,4,32,False
1,3,6lfwbios,163,csr_0_realeffort,TranscribeTask,1490519733,7,33,False
1,3,6lfwbios,168,csr_0_realeffort,TranscribeTask,1490519739,6,34,False
1,3,6lfwbios,173,csr_0_realeffort,TranscribeTask,1490519744,5,35,False
1,3,6lfwbios,178,csr_0_realeffort,TranscribeTask,1490519749,5,36,False
1,3,6lfwbios,183,csr_0_realeffort,TranscribeTask,1490519754,5,37,False
1,3,6lfwbios,188,csr_0_realeffort,TranscribeTask,1490519760,6,38,False
1,3,6lfwbios,193,csr_0_realeffort,TranscribeTask,1490519766,6,39,False
1,3,6lfwbios,198,csr_0_realeffort,TranscribeTask,1490519774,8,40,False
1,3,6lfwbios,203,csr_0_realeffort,TranscribeTask,1490519781,7,41,False
1,3,6lfwbios,208,csr_0_realeffort,TranscribeTask,1490519786,5,42,False
1,3,6lfwbios,213,csr_0_realeffort,TranscribeTask,1490519796,10,43,False
1,3,6lfwbios,218,csr_0_realeffort,TranscribeTask,1490519801,5,44,False
1,3,6lfwbios,223,csr_0_realeffort,TranscribeTask,1490519806,5,45,False
1,3,6lfwbios,228,csr_0_realeffort,TranscribeTask,1490519810,4,46,False
1,3,6lfwbios,499,csr_0_realeffort,ResultsWaitPage,1490519818,8,100,False
1,3,6lfwbios,505,csr_0_realeffort,TaskResults,1490519857,39,101,False
1,3,6lfwbios,1001,csr_1_quiz_coldPrickle,Instructions3,1490520200,343,1,True
1,3,6lfwbios,1010,csr_1_quiz_coldPrickle,quiz1,1490520253,53,2,False
1,3,6lfwbios,1019,csr_1_quiz_coldPrickle,quiz1_sol,1490520393,140,3,False
1,3,6lfwbios,1044,csr_1_quiz_coldPrickle,quiz3,1490520440,47,6,False
1,3,6lfwbios,1053,csr_1_quiz_coldPrickle,quiz3_sol,1490520444,4,7,False
1,3,6lfwbios,1078,csr_1_quiz_coldPrickle,quiz5,1490520707,263,10,False
1,3,6lfwbios,1087,csr_1_quiz_coldPrickle,quiz5_sol,1490520785,78,11,False
1,3,6lfwbios,1112,csr_1_quiz_coldPrickle,WaitPage,1490520786,1,14,False
1,3,6lfwbios,1113,csr_2_vcm_coldPrickle,WaitPage1,1490521295,509,1,False
1,3,6lfwbios,1114,csr_2_vcm_coldPrickle,Instructions,1490521302,7,1,False
1,3,6lfwbios,1115,csr_2_vcm_coldPrickle,WaitPage,1490521320,18,1,False
1,3,6lfwbios,1116,csr_2_vcm_coldPrickle,SelectInvestment,1490521425,105,1,False
1,3,6lfwbios,1117,csr_2_vcm_coldPrickle,WaitPage2,1490521430,5,1,False
1,3,6lfwbios,1118,csr_2_vcm_coldPrickle,SelectInvestment_Review,1490521448,18,1,False
1,3,6lfwbios,1119,csr_2_vcm_coldPrickle,ShuffleWaitPage,1490521467,19,1,False
1,3,6lfwbios,1124,csr_2_vcm_coldPrickle,WaitPage,1490521467,0,2,False
1,3,6lfwbios,1125,csr_2_vcm_coldPrickle,SelectInvestment,1490521525,58,2,False
1,3,6lfwbios,1126,csr_2_vcm_coldPrickle,WaitPage2,1490521556,31,2,False
1,3,6lfwbios,1127,csr_2_vcm_coldPrickle,SelectInvestment_Review,1490521566,10,2,False
1,3,6lfwbios,1128,csr_2_vcm_coldPrickle,ShuffleWaitPage,1490521594,28,2,False
1,3,6lfwbios,1133,csr_2_vcm_coldPrickle,WaitPage,1490521595,1,3,False
1,3,6lfwbios,1134,csr_2_vcm_coldPrickle,SelectInvestment,1490521668,73,3,False
1,3,6lfwbios,1135,csr_2_vcm_coldPrickle,WaitPage2,1490521668,0,3,False
1,3,6lfwbios,1136,csr_2_vcm_coldPrickle,SelectInvestment_Review,1490521682,14,3,False
1,3,6lfwbios,1137,csr_2_vcm_coldPrickle,ShuffleWaitPage,1490521709,27,3,False
1,3,6lfwbios,1142,csr_2_vcm_coldPrickle,WaitPage,1490521709,0,4,False
1,3,6lfwbios,1143,csr_2_vcm_coldPrickle,SelectInvestment,1490521729,20,4,False
1,3,6lfwbios,1144,csr_2_vcm_coldPrickle,WaitPage2,1490521732,3,4,False
1,3,6lfwbios,1145,csr_2_vcm_coldPrickle,SelectInvestment_Review,1490521762,30,4,False
1,3,6lfwbios,1146,csr_2_vcm_coldPrickle,ShuffleWaitPage,1490521768,6,4,False
1,3,6lfwbios,1151,csr_2_vcm_coldPrickle,WaitPage,1490521770,2,5,False
1,3,6lfwbios,1152,csr_2_vcm_coldPrickle,SelectInvestment,1490521785,15,5,False
1,3,6lfwbios,1153,csr_2_vcm_coldPrickle,WaitPage2,1490521786,1,5,False
1,3,6lfwbios,1154,csr_2_vcm_coldPrickle,SelectInvestment_Review,1490521813,27,5,False
1,3,6lfwbios,1155,csr_2_vcm_coldPrickle,ShuffleWaitPage,1490521842,29,5,False
1,3,6lfwbios,1160,csr_2_vcm_coldPrickle,WaitPage,1490521843,1,6,False
1,3,6lfwbios,1161,csr_2_vcm_coldPrickle,SelectInvestment,1490521855,12,6,False
1,3,6lfwbios,1162,csr_2_vcm_coldPrickle,WaitPage2,1490521870,15,6,False
1,3,6lfwbios,1163,csr_2_vcm_coldPrickle,SelectInvestment_Review,1490521912,42,6,False
1,3,6lfwbios,1164,csr_2_vcm_coldPrickle,ShuffleWaitPage,1490521912,0,6,False
1,3,6lfwbios,1169,csr_2_vcm_coldPrickle,WaitPage,1490521913,1,7,False
1,3,6lfwbios,1170,csr_2_vcm_coldPrickle,SelectInvestment,1490521933,20,7,False
1,3,6lfwbios,1171,csr_2_vcm_coldPrickle,WaitPage2,1490521967,34,7,False
1,3,6lfwbios,1172,csr_2_vcm_coldPrickle,SelectInvestment_Review,1490521983,16,7,False
1,3,6lfwbios,1173,csr_2_vcm_coldPrickle,ShuffleWaitPage,1490521984,1,7,False
1,3,6lfwbios,1178,csr_2_vcm_coldPrickle,WaitPage,1490521984,0,8,False
1,3,6lfwbios,1179,csr_2_vcm_coldPrickle,SelectInvestment,1490521995,11,8,False
1,3,6lfwbios,1180,csr_2_vcm_coldPrickle,WaitPage2,1490522000,5,8,False
1,3,6lfwbios,1181,csr_2_vcm_coldPrickle,SelectInvestment_Review,1490522007,7,8,False
1,3,6lfwbios,1182,csr_2_vcm_coldPrickle,ShuffleWaitPage,1490522040,33,8,False
1,3,6lfwbios,1187,csr_2_vcm_coldPrickle,WaitPage,1490522041,1,9,False
1,3,6lfwbios,1188,csr_2_vcm_coldPrickle,SelectInvestment,1490522046,5,9,False
1,3,6lfwbios,1189,csr_2_vcm_coldPrickle,WaitPage2,1490522057,11,9,False
1,3,6lfwbios,1190,csr_2_vcm_coldPrickle,SelectInvestment_Review,1490522067,10,9,False
1,3,6lfwbios,1191,csr_2_vcm_coldPrickle,ShuffleWaitPage,1490522075,8,9,False
1,3,6lfwbios,1196,csr_2_vcm_coldPrickle,WaitPage,1490522075,0,10,False
1,3,6lfwbios,1197,csr_2_vcm_coldPrickle,SelectInvestment,1490522082,7,10,False
1,3,6lfwbios,1198,csr_2_vcm_coldPrickle,WaitPage2,1490522109,27,10,False
1,3,6lfwbios,1199,csr_2_vcm_coldPrickle,SelectInvestment_Review,1490522115,6,10,False
1,3,6lfwbios,1201,csr_2_vcm_coldPrickle,Part3_prep,1490522145,30,10,True
1,3,6lfwbios,1202,csr_2_vcm_coldPrickle,WaitPage3,1490522146,1,10,False
1,3,6lfwbios,1205,csr_2_vcm_coldPrickle,WaitPage,1490522147,1,11,False
1,3,6lfwbios,1212,csr_3_stageT_coldPrickle,InitWaitPage,1490522148,1,1,False
1,3,6lfwbios,1213,csr_3_stageT_coldPrickle,Instructions,1490522388,240,1,True
1,3,6lfwbios,1214,csr_3_stageT_coldPrickle,quiz1,1490522499,111,1,False
1,3,6lfwbios,1215,csr_3_stageT_coldPrickle,quiz1_sol,1490522502,3,1,False
1,3,6lfwbios,1216,csr_3_stageT_coldPrickle,quiz2,1490522548,46,1,False
1,3,6lfwbios,1217,csr_3_stageT_coldPrickle,quiz2_sol,1490522550,2,1,False
1,3,6lfwbios,1219,csr_3_stageT_coldPrickle,pregame,1490522608,58,1,False
1,3,6lfwbios,1221,csr_3_stageT_coldPrickle,WaitPage_F1,1490522608,0,1,False
1,3,6lfwbios,1222,csr_3_stageT_coldPrickle,F_Stage2,1490522666,58,1,False
1,3,6lfwbios,1223,csr_3_stageT_coldPrickle,WaitPage_A1,1490522666,0,1,False
1,3,6lfwbios,1225,csr_3_stageT_coldPrickle,WaitPage_F2,1490522699,33,1,False
1,3,6lfwbios,1226,csr_3_stageT_coldPrickle,Nature,1490522722,23,1,False
1,3,6lfwbios,1227,csr_3_stageT_coldPrickle,Results,1490522753,31,1,False
1,4,iirrs46r,1,csr_0_realeffort,holdon,1490519384,1894,1,True
1,4,iirrs46r,7,csr_0_realeffort,Instructions2,1490519510,126,2,True
1,4,iirrs46r,13,csr_0_realeffort,TranscribeTask,1490519525,15,3,False
1,4,iirrs46r,18,csr_0_realeffort,TranscribeTask,1490519539,14,4,False
1,4,iirrs46r,23,csr_0_realeffort,TranscribeTask,1490519550,11,5,False
1,4,iirrs46r,28,csr_0_realeffort,TranscribeTask,1490519563,13,6,False
1,4,iirrs46r,33,csr_0_realeffort,TranscribeTask,1490519575,12,7,False
1,4,iirrs46r,38,csr_0_realeffort,TranscribeTask,1490519592,17,8,False
1,4,iirrs46r,43,csr_0_realeffort,TranscribeTask,1490519605,13,9,False
1,4,iirrs46r,48,csr_0_realeffort,TranscribeTask,1490519620,15,10,False
1,4,iirrs46r,53,csr_0_realeffort,TranscribeTask,1490519632,12,11,False
1,4,iirrs46r,58,csr_0_realeffort,TranscribeTask,1490519642,10,12,False
1,4,iirrs46r,63,csr_0_realeffort,TranscribeTask,1490519654,12,13,False
1,4,iirrs46r,68,csr_0_realeffort,TranscribeTask,1490519665,11,14,False
1,4,iirrs46r,73,csr_0_realeffort,TranscribeTask,1490519682,17,15,False
1,4,iirrs46r,78,csr_0_realeffort,TranscribeTask,1490519697,15,16,False
1,4,iirrs46r,83,csr_0_realeffort,TranscribeTask,1490519712,15,17,False
1,4,iirrs46r,88,csr_0_realeffort,TranscribeTask,1490519727,15,18,False
1,4,iirrs46r,93,csr_0_realeffort,TranscribeTask,1490519742,15,19,False
1,4,iirrs46r,98,csr_0_realeffort,TranscribeTask,1490519755,13,20,False
1,4,iirrs46r,103,csr_0_realeffort,TranscribeTask,1490519768,13,21,False
1,4,iirrs46r,108,csr_0_realeffort,TranscribeTask,1490519781,13,22,False
1,4,iirrs46r,113,csr_0_realeffort,TranscribeTask,1490519792,11,23,False
1,4,iirrs46r,118,csr_0_realeffort,TranscribeTask,1490519804,12,24,False
1,4,iirrs46r,123,csr_0_realeffort,TranscribeTask,1490519812,8,25,False
1,4,iirrs46r,499,csr_0_realeffort,ResultsWaitPage,1490519817,5,100,False
1,4,iirrs46r,505,csr_0_realeffort,TaskResults,1490519859,42,101,False
1,4,iirrs46r,1001,csr_1_quiz_coldPrickle,Instructions3,1490520200,341,1,True
1,4,iirrs46r,1010,csr_1_quiz_coldPrickle,quiz1,1490520247,47,2,False
1,4,iirrs46r,1019,csr_1_quiz_coldPrickle,quiz1_sol,1490520258,11,3,False
1,4,iirrs46r,1044,csr_1_quiz_coldPrickle,quiz3,1490520306,48,6,False
1,4,iirrs46r,1053,csr_1_quiz_coldPrickle,quiz3_sol,1490520309,3,7,False
1,4,iirrs46r,1078,csr_1_quiz_coldPrickle,quiz5,1490520345,36,10,False
1,4,iirrs46r,1087,csr_1_quiz_coldPrickle,quiz5_sol,1490520348,3,11,False
1,4,iirrs46r,1112,csr_1_quiz_coldPrickle,WaitPage,1490520786,438,14,False
1,4,iirrs46r,1113,csr_2_vcm_coldPrickle,WaitPage1,1490521296,510,1,False
1,4,iirrs46r,1114,csr_2_vcm_coldPrickle,Instructions,1490521302,6,1,False
1,4,iirrs46r,1115,csr_2_vcm_coldPrickle,WaitPage,1490521309,7,1,False
1,4,iirrs46r,1116,csr_2_vcm_coldPrickle,SelectInvestment,1490521344,35,1,False
1,4,iirrs46r,1117,csr_2_vcm_coldPrickle,WaitPage2,1490521367,23,1,False
1,4,iirrs46r,1118,csr_2_vcm_coldPrickle,SelectInvestment_Review,1490521385,18,1,False
1,4,iirrs46r,1119,csr_2_vcm_coldPrickle,ShuffleWaitPage,1490521467,82,1,False
1,4,iirrs46r,1124,csr_2_vcm_coldPrickle,WaitPage,1490521467,0,2,False
1,4,iirrs46r,1125,csr_2_vcm_coldPrickle,SelectInvestment,1490521484,17,2,False
1,4,iirrs46r,1126,csr_2_vcm_coldPrickle,WaitPage2,1490521485,1,2,False
1,4,iirrs46r,1127,csr_2_vcm_coldPrickle,SelectInvestment_Review,1490521492,7,2,False
1,4,iirrs46r,1128,csr_2_vcm_coldPrickle,ShuffleWaitPage,1490521594,102,2,False
1,4,iirrs46r,1133,csr_2_vcm_coldPrickle,WaitPage,1490521595,1,3,False
1,4,iirrs46r,1134,csr_2_vcm_coldPrickle,SelectInvestment,1490521612,17,3,False
1,4,iirrs46r,1135,csr_2_vcm_coldPrickle,WaitPage2,1490521681,69,3,False
1,4,iirrs46r,1136,csr_2_vcm_coldPrickle,SelectInvestment_Review,1490521695,14,3,False
1,4,iirrs46r,1137,csr_2_vcm_coldPrickle,ShuffleWaitPage,1490521709,14,3,False
1,4,iirrs46r,1142,csr_2_vcm_coldPrickle,WaitPage,1490521710,1,4,False
1,4,iirrs46r,1143,csr_2_vcm_coldPrickle,SelectInvestment,1490521727,17,4,False
1,4,iirrs46r,1144,csr_2_vcm_coldPrickle,WaitPage2,1490521742,15,4,False
1,4,iirrs46r,1145,csr_2_vcm_coldPrickle,SelectInvestment_Review,1490521764,22,4,False
1,4,iirrs46r,1146,csr_2_vcm_coldPrickle,ShuffleWaitPage,1490521769,5,4,False
1,4,iirrs46r,1151,csr_2_vcm_coldPrickle,WaitPage,1490521769,0,5,False
1,4,iirrs46r,1152,csr_2_vcm_coldPrickle,SelectInvestment,1490521781,12,5,False
1,4,iirrs46r,1153,csr_2_vcm_coldPrickle,WaitPage2,1490521786,5,5,False
1,4,iirrs46r,1154,csr_2_vcm_coldPrickle,SelectInvestment_Review,1490521790,4,5,False
1,4,iirrs46r,1155,csr_2_vcm_coldPrickle,ShuffleWaitPage,1490521843,53,5,False
1,4,iirrs46r,1160,csr_2_vcm_coldPrickle,WaitPage,1490521843,0,6,False
1,4,iirrs46r,1161,csr_2_vcm_coldPrickle,SelectInvestment,1490521852,9,6,False
1,4,iirrs46r,1162,csr_2_vcm_coldPrickle,WaitPage2,1490521860,8,6,False
1,4,iirrs46r,1163,csr_2_vcm_coldPrickle,SelectInvestment_Review,1490521868,8,6,False
1,4,iirrs46r,1164,csr_2_vcm_coldPrickle,ShuffleWaitPage,1490521912,44,6,False
1,4,iirrs46r,1169,csr_2_vcm_coldPrickle,WaitPage,1490521913,1,7,False
1,4,iirrs46r,1170,csr_2_vcm_coldPrickle,SelectInvestment,1490521925,12,7,False
1,4,iirrs46r,1171,csr_2_vcm_coldPrickle,WaitPage2,1490521927,2,7,False
1,4,iirrs46r,1172,csr_2_vcm_coldPrickle,SelectInvestment_Review,1490521932,5,7,False
1,4,iirrs46r,1173,csr_2_vcm_coldPrickle,ShuffleWaitPage,1490521984,52,7,False
1,4,iirrs46r,1178,csr_2_vcm_coldPrickle,WaitPage,1490521984,0,8,False
1,4,iirrs46r,1179,csr_2_vcm_coldPrickle,SelectInvestment,1490521993,9,8,False
1,4,iirrs46r,1180,csr_2_vcm_coldPrickle,WaitPage2,1490522000,7,8,False
1,4,iirrs46r,1181,csr_2_vcm_coldPrickle,SelectInvestment_Review,1490522004,4,8,False
1,4,iirrs46r,1182,csr_2_vcm_coldPrickle,ShuffleWaitPage,1490522040,36,8,False
1,4,iirrs46r,1187,csr_2_vcm_coldPrickle,WaitPage,1490522041,1,9,False
1,4,iirrs46r,1188,csr_2_vcm_coldPrickle,SelectInvestment,1490522054,13,9,False
1,4,iirrs46r,1189,csr_2_vcm_coldPrickle,WaitPage2,1490522057,3,9,False
1,4,iirrs46r,1190,csr_2_vcm_coldPrickle,SelectInvestment_Review,1490522063,6,9,False
1,4,iirrs46r,1191,csr_2_vcm_coldPrickle,ShuffleWaitPage,1490522074,11,9,False
1,4,iirrs46r,1196,csr_2_vcm_coldPrickle,WaitPage,1490522075,1,10,False
1,4,iirrs46r,1197,csr_2_vcm_coldPrickle,SelectInvestment,1490522083,8,10,False
1,4,iirrs46r,1198,csr_2_vcm_coldPrickle,WaitPage2,1490522087,4,10,False
1,4,iirrs46r,1199,csr_2_vcm_coldPrickle,SelectInvestment_Review,1490522091,4,10,False
1,4,iirrs46r,1201,csr_2_vcm_coldPrickle,Part3_prep,1490522145,54,10,True
1,4,iirrs46r,1202,csr_2_vcm_coldPrickle,WaitPage3,1490522146,1,10,False
1,4,iirrs46r,1205,csr_2_vcm_coldPrickle,WaitPage,1490522147,1,11,False
1,4,iirrs46r,1212,csr_3_stageT_coldPrickle,InitWaitPage,1490522148,1,1,False
1,4,iirrs46r,1213,csr_3_stageT_coldPrickle,Instructions,1490522388,240,1,True
1,4,iirrs46r,1214,csr_3_stageT_coldPrickle,quiz1,1490522454,66,1,False
1,4,iirrs46r,1215,csr_3_stageT_coldPrickle,quiz1_sol,1490522457,3,1,False
1,4,iirrs46r,1216,csr_3_stageT_coldPrickle,quiz2,1490522493,36,1,False
1,4,iirrs46r,1217,csr_3_stageT_coldPrickle,quiz2_sol,1490522497,4,1,False
1,4,iirrs46r,1219,csr_3_stageT_coldPrickle,pregame,1490522656,159,1,False
1,4,iirrs46r,1221,csr_3_stageT_coldPrickle,WaitPage_F1,1490522656,0,1,False
1,4,iirrs46r,1222,csr_3_stageT_coldPrickle,F_Stage2,1490522733,77,1,False
1,4,iirrs46r,1223,csr_3_stageT_coldPrickle,WaitPage_A1,1490522733,0,1,False
1,4,iirrs46r,1225,csr_3_stageT_coldPrickle,WaitPage_F2,1490522758,25,1,False
1,4,iirrs46r,1226,csr_3_stageT_coldPrickle,Nature,1490522780,22,1,False
1,4,iirrs46r,1227,csr_3_stageT_coldPrickle,Results,1490522788,8,1,False
1,5,4wi56lhg,1,csr_0_realeffort,holdon,1490519384,1886,1,True
1,5,4wi56lhg,7,csr_0_realeffort,Instructions2,1490519510,126,2,True
1,5,4wi56lhg,13,csr_0_realeffort,TranscribeTask,1490519532,22,3,False
1,5,4wi56lhg,18,csr_0_realeffort,TranscribeTask,1490519548,16,4,False
1,5,4wi56lhg,23,csr_0_realeffort,TranscribeTask,1490519565,17,5,False
1,5,4wi56lhg,28,csr_0_realeffort,TranscribeTask,1490519577,12,6,False
1,5,4wi56lhg,33,csr_0_realeffort,TranscribeTask,1490519595,18,7,False
1,5,4wi56lhg,38,csr_0_realeffort,TranscribeTask,1490519613,18,8,False
1,5,4wi56lhg,43,csr_0_realeffort,TranscribeTask,1490519628,15,9,False
1,5,4wi56lhg,48,csr_0_realeffort,TranscribeTask,1490519646,18,10,False
1,5,4wi56lhg,53,csr_0_realeffort,TranscribeTask,1490519662,16,11,False
1,5,4wi56lhg,58,csr_0_realeffort,TranscribeTask,1490519673,11,12,False
1,5,4wi56lhg,63,csr_0_realeffort,TranscribeTask,1490519687,14,13,False
1,5,4wi56lhg,68,csr_0_realeffort,TranscribeTask,1490519709,22,14,False
1,5,4wi56lhg,73,csr_0_realeffort,TranscribeTask,1490519726,17,15,False
1,5,4wi56lhg,78,csr_0_realeffort,TranscribeTask,1490519739,13,16,False
1,5,4wi56lhg,83,csr_0_realeffort,TranscribeTask,1490519756,17,17,False
1,5,4wi56lhg,88,csr_0_realeffort,TranscribeTask,1490519774,18,18,False
1,5,4wi56lhg,93,csr_0_realeffort,TranscribeTask,1490519793,19,19,False
1,5,4wi56lhg,98,csr_0_realeffort,TranscribeTask,1490519813,20,20,False
1,5,4wi56lhg,499,csr_0_realeffort,ResultsWaitPage,1490519818,5,100,False
1,5,4wi56lhg,505,csr_0_realeffort,TaskResults,1490519850,32,101,False
1,5,4wi56lhg,1001,csr_1_quiz_coldPrickle,Instructions3,1490520200,350,1,True
1,5,4wi56lhg,1010,csr_1_quiz_coldPrickle,quiz1,1490520275,75,2,False
1,5,4wi56lhg,1019,csr_1_quiz_coldPrickle,quiz1_sol,1490520287,12,3,False
1,5,4wi56lhg,1044,csr_1_quiz_coldPrickle,quiz3,1490520674,387,6,False
1,5,4wi56lhg,1053,csr_1_quiz_coldPrickle,quiz3_sol,1490520681,7,7,False
1,5,4wi56lhg,1078,csr_1_quiz_coldPrickle,quiz5,1490520790,109,10,False
1,5,4wi56lhg,1087,csr_1_quiz_coldPrickle,quiz5_sol,1490520980,190,11,False
1,5,4wi56lhg,1112,csr_1_quiz_coldPrickle,WaitPage,1490521295,315,14,False
1,5,4wi56lhg,1113,csr_2_vcm_coldPrickle,WaitPage1,1490521296,1,1,False
1,5,4wi56lhg,1114,csr_2_vcm_coldPrickle,Instructions,1490521308,12,1,False
1,5,4wi56lhg,1115,csr_2_vcm_coldPrickle,WaitPage,1490521320,12,1,False
1,5,4wi56lhg,1116,csr_2_vcm_coldPrickle,SelectInvestment,1490521357,37,1,False
1,5,4wi56lhg,1117,csr_2_vcm_coldPrickle,WaitPage2,1490521430,73,1,False
1,5,4wi56lhg,1118,csr_2_vcm_coldPrickle,SelectInvestment_Review,1490521443,13,1,False
1,5,4wi56lhg,1119,csr_2_vcm_coldPrickle,ShuffleWaitPage,1490521467,24,1,False
1,5,4wi56lhg,1124,csr_2_vcm_coldPrickle,WaitPage,1490521467,0,2,False
1,5,4wi56lhg,1125,csr_2_vcm_coldPrickle,SelectInvestment,1490521498,31,2,False
1,5,4wi56lhg,1126,csr_2_vcm_coldPrickle,WaitPage2,1490521556,58,2,False
1,5,4wi56lhg,1127,csr_2_vcm_coldPrickle,SelectInvestment_Review,1490521587,31,2,False
1,5,4wi56lhg,1128,csr_2_vcm_coldPrickle,ShuffleWaitPage,1490521595,8,2,False
1,5,4wi56lhg,1133,csr_2_vcm_coldPrickle,WaitPage,1490521595,0,3,False
1,5,4wi56lhg,1134,csr_2_vcm_coldPrickle,SelectInvestment,1490521612,17,3,False
1,5,4wi56lhg,1135,csr_2_vcm_coldPrickle,WaitPage2,1490521668,56,3,False
1,5,4wi56lhg,1136,csr_2_vcm_coldPrickle,SelectInvestment_Review,1490521680,12,3,False
1,5,4wi56lhg,1137,csr_2_vcm_coldPrickle,ShuffleWaitPage,1490521709,29,3,False
1,5,4wi56lhg,1142,csr_2_vcm_coldPrickle,WaitPage,1490521709,0,4,False
1,5,4wi56lhg,1143,csr_2_vcm_coldPrickle,SelectInvestment,1490521726,17,4,False
1,5,4wi56lhg,1144,csr_2_vcm_coldPrickle,WaitPage2,1490521732,6,4,False
1,5,4wi56lhg,1145,csr_2_vcm_coldPrickle,SelectInvestment_Review,1490521737,5,4,False
1,5,4wi56lhg,1146,csr_2_vcm_coldPrickle,ShuffleWaitPage,1490521769,32,4,False
1,5,4wi56lhg,1151,csr_2_vcm_coldPrickle,WaitPage,1490521769,0,5,False
1,5,4wi56lhg,1152,csr_2_vcm_coldPrickle,SelectInvestment,1490521772,3,5,False
1,5,4wi56lhg,1153,csr_2_vcm_coldPrickle,WaitPage2,1490521786,14,5,False
1,5,4wi56lhg,1154,csr_2_vcm_coldPrickle,SelectInvestment_Review,1490521811,25,5,False
1,5,4wi56lhg,1155,csr_2_vcm_coldPrickle,ShuffleWaitPage,1490521843,32,5,False
1,5,4wi56lhg,1160,csr_2_vcm_coldPrickle,WaitPage,1490521843,0,6,False
1,5,4wi56lhg,1161,csr_2_vcm_coldPrickle,SelectInvestment,1490521870,27,6,False
1,5,4wi56lhg,1162,csr_2_vcm_coldPrickle,WaitPage2,1490521870,0,6,False
1,5,4wi56lhg,1163,csr_2_vcm_coldPrickle,SelectInvestment_Review,1490521873,3,6,False
1,5,4wi56lhg,1164,csr_2_vcm_coldPrickle,ShuffleWaitPage,1490521912,39,6,False
1,5,4wi56lhg,1169,csr_2_vcm_coldPrickle,WaitPage,1490521913,1,7,False
1,5,4wi56lhg,1170,csr_2_vcm_coldPrickle,SelectInvestment,1490521923,10,7,False
1,5,4wi56lhg,1171,csr_2_vcm_coldPrickle,WaitPage2,1490521927,4,7,False
1,5,4wi56lhg,1172,csr_2_vcm_coldPrickle,SelectInvestment_Review,1490521942,15,7,False
1,5,4wi56lhg,1173,csr_2_vcm_coldPrickle,ShuffleWaitPage,1490521984,42,7,False
1,5,4wi56lhg,1178,csr_2_vcm_coldPrickle,WaitPage,1490521985,1,8,False
1,5,4wi56lhg,1179,csr_2_vcm_coldPrickle,SelectInvestment,1490521993,8,8,False
1,5,4wi56lhg,1180,csr_2_vcm_coldPrickle,WaitPage2,1490522021,28,8,False
1,5,4wi56lhg,1181,csr_2_vcm_coldPrickle,SelectInvestment_Review,1490522039,18,8,False
1,5,4wi56lhg,1182,csr_2_vcm_coldPrickle,ShuffleWaitPage,1490522040,1,8,False
1,5,4wi56lhg,1187,csr_2_vcm_coldPrickle,WaitPage,1490522041,1,9,False
1,5,4wi56lhg,1188,csr_2_vcm_coldPrickle,SelectInvestment,1490522057,16,9,False
1,5,4wi56lhg,1189,csr_2_vcm_coldPrickle,WaitPage2,1490522057,0,9,False
1,5,4wi56lhg,1190,csr_2_vcm_coldPrickle,SelectInvestment_Review,1490522060,3,9,False
1,5,4wi56lhg,1191,csr_2_vcm_coldPrickle,ShuffleWaitPage,1490522075,15,9,False
1,5,4wi56lhg,1196,csr_2_vcm_coldPrickle,WaitPage,1490522075,0,10,False
1,5,4wi56lhg,1197,csr_2_vcm_coldPrickle,SelectInvestment,1490522086,11,10,False
1,5,4wi56lhg,1198,csr_2_vcm_coldPrickle,WaitPage2,1490522109,23,10,False
1,5,4wi56lhg,1199,csr_2_vcm_coldPrickle,SelectInvestment_Review,1490522113,4,10,False
1,5,4wi56lhg,1201,csr_2_vcm_coldPrickle,Part3_prep,1490522145,32,10,True
1,5,4wi56lhg,1202,csr_2_vcm_coldPrickle,WaitPage3,1490522146,1,10,False
1,5,4wi56lhg,1205,csr_2_vcm_coldPrickle,WaitPage,1490522146,0,11,False
1,5,4wi56lhg,1212,csr_3_stageT_coldPrickle,InitWaitPage,1490522148,2,1,False
1,5,4wi56lhg,1213,csr_3_stageT_coldPrickle,Instructions,1490522388,240,1,True
1,5,4wi56lhg,1214,csr_3_stageT_coldPrickle,quiz1,1490522650,262,1,False
1,5,4wi56lhg,1215,csr_3_stageT_coldPrickle,quiz1_sol,1490522654,4,1,False
1,5,4wi56lhg,1216,csr_3_stageT_coldPrickle,quiz2,1490522699,45,1,False
1,5,4wi56lhg,1217,csr_3_stageT_coldPrickle,quiz2_sol,1490522703,4,1,False
1,5,4wi56lhg,1219,csr_3_stageT_coldPrickle,pregame,1490522722,19,1,False
1,5,4wi56lhg,1220,csr_3_stageT_coldPrickle,A_Stage1,1490522816,94,1,False
1,5,4wi56lhg,1221,csr_3_stageT_coldPrickle,WaitPage_F1,1490522816,0,1,False
1,5,4wi56lhg,1223,csr_3_stageT_coldPrickle,WaitPage_A1,1490522895,79,1,False
1,5,4wi56lhg,1224,csr_3_stageT_coldPrickle,A_Stage3,1490522939,44,1,False
1,5,4wi56lhg,1225,csr_3_stageT_coldPrickle,WaitPage_F2,1490522939,0,1,False
1,5,4wi56lhg,1226,csr_3_stageT_coldPrickle,Nature,1490522947,8,1,False
1,5,4wi56lhg,1227,csr_3_stageT_coldPrickle,Results,1490522952,5,1,False
1,6,rp6wgg0x,1,csr_0_realeffort,holdon,1490519384,1861,1,True
1,6,rp6wgg0x,7,csr_0_realeffort,Instructions2,1490519510,126,2,True
1,6,rp6wgg0x,13,csr_0_realeffort,TranscribeTask,1490519530,20,3,False
1,6,rp6wgg0x,18,csr_0_realeffort,TranscribeTask,1490519550,20,4,False
1,6,rp6wgg0x,23,csr_0_realeffort,TranscribeTask,1490519572,22,5,False
1,6,rp6wgg0x,28,csr_0_realeffort,TranscribeTask,1490519588,16,6,False
1,6,rp6wgg0x,33,csr_0_realeffort,TranscribeTask,1490519607,19,7,False
1,6,rp6wgg0x,38,csr_0_realeffort,TranscribeTask,1490519629,22,8,False
1,6,rp6wgg0x,43,csr_0_realeffort,TranscribeTask,1490519649,20,9,False
1,6,rp6wgg0x,48,csr_0_realeffort,TranscribeTask,1490519667,18,10,False
1,6,rp6wgg0x,53,csr_0_realeffort,TranscribeTask,1490519684,17,11,False
1,6,rp6wgg0x,58,csr_0_realeffort,TranscribeTask,1490519695,11,12,False
1,6,rp6wgg0x,63,csr_0_realeffort,TranscribeTask,1490519711,16,13,False
1,6,rp6wgg0x,68,csr_0_realeffort,TranscribeTask,1490519727,16,14,False
1,6,rp6wgg0x,73,csr_0_realeffort,TranscribeTask,1490519745,18,15,False
1,6,rp6wgg0x,78,csr_0_realeffort,TranscribeTask,1490519764,19,16,False
1,6,rp6wgg0x,83,csr_0_realeffort,TranscribeTask,1490519787,23,17,False
1,6,rp6wgg0x,88,csr_0_realeffort,TranscribeTask,1490519806,19,18,False
1,6,rp6wgg0x,93,csr_0_realeffort,TranscribeTask,1490519813,7,19,False
1,6,rp6wgg0x,499,csr_0_realeffort,ResultsWaitPage,1490519818,5,100,False
1,6,rp6wgg0x,505,csr_0_realeffort,TaskResults,1490519863,45,101,False
1,6,rp6wgg0x,1001,csr_1_quiz_coldPrickle,Instructions3,1490520200,337,1,True
1,6,rp6wgg0x,1010,csr_1_quiz_coldPrickle,quiz1,1490520490,290,2,False
1,6,rp6wgg0x,1019,csr_1_quiz_coldPrickle,quiz1_sol,1490520542,52,3,False
1,6,rp6wgg0x,1044,csr_1_quiz_coldPrickle,quiz3,1490520973,431,6,False
1,6,rp6wgg0x,1053,csr_1_quiz_coldPrickle,quiz3_sol,1490521008,35,7,False
1,6,rp6wgg0x,1078,csr_1_quiz_coldPrickle,quiz5,1490521288,280,10,False
1,6,rp6wgg0x,1087,csr_1_quiz_coldPrickle,quiz5_sol,1490521295,7,11,False
1,6,rp6wgg0x,1112,csr_1_quiz_coldPrickle,WaitPage,1490521295,0,14,False
1,6,rp6wgg0x,1113,csr_2_vcm_coldPrickle,WaitPage1,1490521296,1,1,False
1,6,rp6wgg0x,1114,csr_2_vcm_coldPrickle,Instructions,1490521320,24,1,False
1,6,rp6wgg0x,1115,csr_2_vcm_coldPrickle,WaitPage,1490521320,0,1,False
1,6,rp6wgg0x,1116,csr_2_vcm_coldPrickle,SelectInvestment,1490521427,107,1,False
1,6,rp6wgg0x,1117,csr_2_vcm_coldPrickle,WaitPage2,1490521430,3,1,False
1,6,rp6wgg0x,1118,csr_2_vcm_coldPrickle,SelectInvestment_Review,1490521459,29,1,False
1,6,rp6wgg0x,1119,csr_2_vcm_coldPrickle,ShuffleWaitPage,1490521467,8,1,False
1,6,rp6wgg0x,1124,csr_2_vcm_coldPrickle,WaitPage,1490521467,0,2,False
1,6,rp6wgg0x,1125,csr_2_vcm_coldPrickle,SelectInvestment,1490521556,89,2,False
1,6,rp6wgg0x,1126,csr_2_vcm_coldPrickle,WaitPage2,1490521556,0,2,False
1,6,rp6wgg0x,1127,csr_2_vcm_coldPrickle,SelectInvestment_Review,1490521567,11,2,False
1,6,rp6wgg0x,1128,csr_2_vcm_coldPrickle,ShuffleWaitPage,1490521595,28,2,False
1,6,rp6wgg0x,1133,csr_2_vcm_coldPrickle,WaitPage,1490521595,0,3,False
1,6,rp6wgg0x,1134,csr_2_vcm_coldPrickle,SelectInvestment,1490521681,86,3,False
1,6,rp6wgg0x,1135,csr_2_vcm_coldPrickle,WaitPage2,1490521681,0,3,False
1,6,rp6wgg0x,1136,csr_2_vcm_coldPrickle,SelectInvestment_Review,1490521708,27,3,False
1,6,rp6wgg0x,1137,csr_2_vcm_coldPrickle,ShuffleWaitPage,1490521709,1,3,False
1,6,rp6wgg0x,1142,csr_2_vcm_coldPrickle,WaitPage,1490521710,1,4,False
1,6,rp6wgg0x,1143,csr_2_vcm_coldPrickle,SelectInvestment,1490521742,32,4,False
1,6,rp6wgg0x,1144,csr_2_vcm_coldPrickle,WaitPage2,1490521742,0,4,False
1,6,rp6wgg0x,1145,csr_2_vcm_coldPrickle,SelectInvestment_Review,1490521768,26,4,False
1,6,rp6wgg0x,1146,csr_2_vcm_coldPrickle,ShuffleWaitPage,1490521768,0,4,False
1,6,rp6wgg0x,1151,csr_2_vcm_coldPrickle,WaitPage,1490521770,2,5,False
1,6,rp6wgg0x,1152,csr_2_vcm_coldPrickle,SelectInvestment,1490521817,47,5,False
1,6,rp6wgg0x,1153,csr_2_vcm_coldPrickle,WaitPage2,1490521817,0,5,False
1,6,rp6wgg0x,1154,csr_2_vcm_coldPrickle,SelectInvestment_Review,1490521842,25,5,False
1,6,rp6wgg0x,1155,csr_2_vcm_coldPrickle,ShuffleWaitPage,1490521842,0,5,False
1,6,rp6wgg0x,1160,csr_2_vcm_coldPrickle,WaitPage,1490521843,1,6,False
1,6,rp6wgg0x,1161,csr_2_vcm_coldPrickle,SelectInvestment,1490521860,17,6,False
1,6,rp6wgg0x,1162,csr_2_vcm_coldPrickle,WaitPage2,1490521860,0,6,False
1,6,rp6wgg0x,1163,csr_2_vcm_coldPrickle,SelectInvestment_Review,1490521877,17,6,False
1,6,rp6wgg0x,1164,csr_2_vcm_coldPrickle,ShuffleWaitPage,1490521912,35,6,False
1,6,rp6wgg0x,1169,csr_2_vcm_coldPrickle,WaitPage,1490521913,1,7,False
1,6,rp6wgg0x,1170,csr_2_vcm_coldPrickle,SelectInvestment,1490521967,54,7,False
1,6,rp6wgg0x,1171,csr_2_vcm_coldPrickle,WaitPage2,1490521967,0,7,False
1,6,rp6wgg0x,1172,csr_2_vcm_coldPrickle,SelectInvestment_Review,1490521976,9,7,False
1,6,rp6wgg0x,1173,csr_2_vcm_coldPrickle,ShuffleWaitPage,1490521984,8,7,False
1,6,rp6wgg0x,1178,csr_2_vcm_coldPrickle,WaitPage,1490521985,1,8,False
1,6,rp6wgg0x,1179,csr_2_vcm_coldPrickle,SelectInvestment,1490522020,35,8,False
1,6,rp6wgg0x,1180,csr_2_vcm_coldPrickle,WaitPage2,1490522020,0,8,False
1,6,rp6wgg0x,1181,csr_2_vcm_coldPrickle,SelectInvestment_Review,1490522040,20,8,False
1,6,rp6wgg0x,1182,csr_2_vcm_coldPrickle,ShuffleWaitPage,1490522040,0,8,False
1,6,rp6wgg0x,1187,csr_2_vcm_coldPrickle,WaitPage,1490522040,0,9,False
1,6,rp6wgg0x,1188,csr_2_vcm_coldPrickle,SelectInvestment,1490522056,16,9,False
1,6,rp6wgg0x,1189,csr_2_vcm_coldPrickle,WaitPage2,1490522056,0,9,False
1,6,rp6wgg0x,1190,csr_2_vcm_coldPrickle,SelectInvestment_Review,1490522074,18,9,False
1,6,rp6wgg0x,1191,csr_2_vcm_coldPrickle,ShuffleWaitPage,1490522074,0,9,False
1,6,rp6wgg0x,1196,csr_2_vcm_coldPrickle,WaitPage,1490522075,1,10,False
1,6,rp6wgg0x,1197,csr_2_vcm_coldPrickle,SelectInvestment,1490522106,31,10,False
1,6,rp6wgg0x,1198,csr_2_vcm_coldPrickle,WaitPage2,1490522109,3,10,False
1,6,rp6wgg0x,1199,csr_2_vcm_coldPrickle,SelectInvestment_Review,1490522125,16,10,False
1,6,rp6wgg0x,1201,csr_2_vcm_coldPrickle,Part3_prep,1490522145,20,10,True
1,6,rp6wgg0x,1202,csr_2_vcm_coldPrickle,WaitPage3,1490522146,1,10,False
1,6,rp6wgg0x,1205,csr_2_vcm_coldPrickle,WaitPage,1490522147,1,11,False
1,6,rp6wgg0x,1212,csr_3_stageT_coldPrickle,InitWaitPage,1490522148,1,1,False
1,6,rp6wgg0x,1213,csr_3_stageT_coldPrickle,Instructions,1490522389,241,1,True
1,6,rp6wgg0x,1214,csr_3_stageT_coldPrickle,quiz1,1490522493,104,1,False
1,6,rp6wgg0x,1215,csr_3_stageT_coldPrickle,quiz1_sol,1490522502,9,1,False
1,6,rp6wgg0x,1216,csr_3_stageT_coldPrickle,quiz2,1490522578,76,1,False
1,6,rp6wgg0x,1217,csr_3_stageT_coldPrickle,quiz2_sol,1490522609,31,1,False
1,6,rp6wgg0x,1219,csr_3_stageT_coldPrickle,pregame,1490522663,54,1,False
1,6,rp6wgg0x,1221,csr_3_stageT_coldPrickle,WaitPage_F1,1490522816,153,1,False
1,6,rp6wgg0x,1222,csr_3_stageT_coldPrickle,F_Stage2,1490522895,79,1,False
1,6,rp6wgg0x,1223,csr_3_stageT_coldPrickle,WaitPage_A1,1490522895,0,1,False
1,6,rp6wgg0x,1225,csr_3_stageT_coldPrickle,WaitPage_F2,1490522939,44,1,False
1,6,rp6wgg0x,1226,csr_3_stageT_coldPrickle,Nature,1490522967,28,1,False
1,6,rp6wgg0x,1227,csr_3_stageT_coldPrickle,Results,1490522971,4,1,False
1,7,rdymovsq,1,csr_0_realeffort,holdon,1490519385,1851,1,True
1,7,rdymovsq,7,csr_0_realeffort,Instructions2,1490519510,125,2,True
1,7,rdymovsq,13,csr_0_realeffort,TranscribeTask,1490519522,12,3,False
1,7,rdymovsq,18,csr_0_realeffort,TranscribeTask,1490519533,11,4,False
1,7,rdymovsq,23,csr_0_realeffort,TranscribeTask,1490519546,13,5,False
1,7,rdymovsq,28,csr_0_realeffort,TranscribeTask,1490519556,10,6,False
1,7,rdymovsq,33,csr_0_realeffort,TranscribeTask,1490519567,11,7,False
1,7,rdymovsq,38,csr_0_realeffort,TranscribeTask,1490519577,10,8,False
1,7,rdymovsq,43,csr_0_realeffort,TranscribeTask,1490519587,10,9,False
1,7,rdymovsq,48,csr_0_realeffort,TranscribeTask,1490519599,12,10,False
1,7,rdymovsq,53,csr_0_realeffort,TranscribeTask,1490519608,9,11,False
1,7,rdymovsq,58,csr_0_realeffort,TranscribeTask,1490519618,10,12,False
1,7,rdymovsq,63,csr_0_realeffort,TranscribeTask,1490519627,9,13,False
1,7,rdymovsq,68,csr_0_realeffort,TranscribeTask,1490519637,10,14,False
1,7,rdymovsq,73,csr_0_realeffort,TranscribeTask,1490519648,11,15,False
1,7,rdymovsq,78,csr_0_realeffort,TranscribeTask,1490519662,14,16,False
1,7,rdymovsq,83,csr_0_realeffort,TranscribeTask,1490519675,13,17,False
1,7,rdymovsq,88,csr_0_realeffort,TranscribeTask,1490519688,13,18,False
1,7,rdymovsq,93,csr_0_realeffort,TranscribeTask,1490519702,14,19,False
1,7,rdymovsq,98,csr_0_realeffort,TranscribeTask,1490519712,10,20,False
1,7,rdymovsq,103,csr_0_realeffort,TranscribeTask,1490519723,11,21,False
1,7,rdymovsq,108,csr_0_realeffort,TranscribeTask,1490519734,11,22,False
1,7,rdymovsq,113,csr_0_realeffort,TranscribeTask,1490519746,12,23,False
1,7,rdymovsq,118,csr_0_realeffort,TranscribeTask,1490519758,12,24,False
1,7,rdymovsq,123,csr_0_realeffort,TranscribeTask,1490519771,13,25,False
1,7,rdymovsq,128,csr_0_realeffort,TranscribeTask,1490519780,9,26,False
1,7,rdymovsq,133,csr_0_realeffort,TranscribeTask,1490519794,14,27,False
1,7,rdymovsq,138,csr_0_realeffort,TranscribeTask,1490519804,10,28,False
1,7,rdymovsq,143,csr_0_realeffort,TranscribeTask,1490519815,11,29,False
1,7,rdymovsq,499,csr_0_realeffort,ResultsWaitPage,1490519819,4,100,False
1,7,rdymovsq,505,csr_0_realeffort,TaskResults,1490519858,39,101,False
1,7,rdymovsq,1001,csr_1_quiz_coldPrickle,Instructions3,1490520201,343,1,True
1,7,rdymovsq,1010,csr_1_quiz_coldPrickle,quiz1,1490520244,43,2,False
1,7,rdymovsq,1019,csr_1_quiz_coldPrickle,quiz1_sol,1490520247,3,3,False
1,7,rdymovsq,1044,csr_1_quiz_coldPrickle,quiz3,1490520290,43,6,False
1,7,rdymovsq,1053,csr_1_quiz_coldPrickle,quiz3_sol,1490520292,2,7,False
1,7,rdymovsq,1078,csr_1_quiz_coldPrickle,quiz5,1490520325,33,10,False
1,7,rdymovsq,1087,csr_1_quiz_coldPrickle,quiz5_sol,1490520327,2,11,False
1,7,rdymovsq,1112,csr_1_quiz_coldPrickle,WaitPage,1490521295,968,14,False
1,7,rdymovsq,1113,csr_2_vcm_coldPrickle,WaitPage1,1490521295,0,1,False
1,7,rdymovsq,1114,csr_2_vcm_coldPrickle,Instructions,1490521306,11,1,False
1,7,rdymovsq,1115,csr_2_vcm_coldPrickle,WaitPage,1490521309,3,1,False
1,7,rdymovsq,1116,csr_2_vcm_coldPrickle,SelectInvestment,1490521366,57,1,False
1,7,rdymovsq,1117,csr_2_vcm_coldPrickle,WaitPage2,1490521366,0,1,False
1,7,rdymovsq,1118,csr_2_vcm_coldPrickle,SelectInvestment_Review,1490521444,78,1,False
1,7,rdymovsq,1119,csr_2_vcm_coldPrickle,ShuffleWaitPage,1490521467,23,1,False
1,7,rdymovsq,1124,csr_2_vcm_coldPrickle,WaitPage,1490521467,0,2,False
1,7,rdymovsq,1125,csr_2_vcm_coldPrickle,SelectInvestment,1490521483,16,2,False
1,7,rdymovsq,1126,csr_2_vcm_coldPrickle,WaitPage2,1490521485,2,2,False
1,7,rdymovsq,1127,csr_2_vcm_coldPrickle,SelectInvestment_Review,1490521506,21,2,False
1,7,rdymovsq,1128,csr_2_vcm_coldPrickle,ShuffleWaitPage,1490521594,88,2,False
1,7,rdymovsq,1133,csr_2_vcm_coldPrickle,WaitPage,1490521595,1,3,False
1,7,rdymovsq,1134,csr_2_vcm_coldPrickle,SelectInvestment,1490521612,17,3,False
1,7,rdymovsq,1135,csr_2_vcm_coldPrickle,WaitPage2,1490521668,56,3,False
1,7,rdymovsq,1136,csr_2_vcm_coldPrickle,SelectInvestment_Review,1490521700,32,3,False
1,7,rdymovsq,1137,csr_2_vcm_coldPrickle,ShuffleWaitPage,1490521709,9,3,False
1,7,rdymovsq,1142,csr_2_vcm_coldPrickle,WaitPage,1490521710,1,4,False
1,7,rdymovsq,1143,csr_2_vcm_coldPrickle,SelectInvestment,1490521718,8,4,False
1,7,rdymovsq,1144,csr_2_vcm_coldPrickle,WaitPage2,1490521742,24,4,False
1,7,rdymovsq,1145,csr_2_vcm_coldPrickle,SelectInvestment_Review,1490521764,22,4,False
1,7,rdymovsq,1146,csr_2_vcm_coldPrickle,ShuffleWaitPage,1490521769,5,4,False
1,7,rdymovsq,1151,csr_2_vcm_coldPrickle,WaitPage,1490521769,0,5,False
1,7,rdymovsq,1152,csr_2_vcm_coldPrickle,SelectInvestment,1490521784,15,5,False
1,7,rdymovsq,1153,csr_2_vcm_coldPrickle,WaitPage2,1490521786,2,5,False
1,7,rdymovsq,1154,csr_2_vcm_coldPrickle,SelectInvestment_Review,1490521794,8,5,False
1,7,rdymovsq,1155,csr_2_vcm_coldPrickle,ShuffleWaitPage,1490521843,49,5,False
1,7,rdymovsq,1160,csr_2_vcm_coldPrickle,WaitPage,1490521844,1,6,False
1,7,rdymovsq,1161,csr_2_vcm_coldPrickle,SelectInvestment,1490521850,6,6,False
1,7,rdymovsq,1162,csr_2_vcm_coldPrickle,WaitPage2,1490521860,10,6,False
1,7,rdymovsq,1163,csr_2_vcm_coldPrickle,SelectInvestment_Review,1490521867,7,6,False
1,7,rdymovsq,1164,csr_2_vcm_coldPrickle,ShuffleWaitPage,1490521912,45,6,False
1,7,rdymovsq,1169,csr_2_vcm_coldPrickle,WaitPage,1490521913,1,7,False
1,7,rdymovsq,1170,csr_2_vcm_coldPrickle,SelectInvestment,1490521926,13,7,False
1,7,rdymovsq,1171,csr_2_vcm_coldPrickle,WaitPage2,1490521926,0,7,False
1,7,rdymovsq,1172,csr_2_vcm_coldPrickle,SelectInvestment_Review,1490521939,13,7,False
1,7,rdymovsq,1173,csr_2_vcm_coldPrickle,ShuffleWaitPage,1490521984,45,7,False
1,7,rdymovsq,1178,csr_2_vcm_coldPrickle,WaitPage,1490521985,1,8,False
1,7,rdymovsq,1179,csr_2_vcm_coldPrickle,SelectInvestment,1490521992,7,8,False
1,7,rdymovsq,1180,csr_2_vcm_coldPrickle,WaitPage2,1490522021,29,8,False
1,7,rdymovsq,1181,csr_2_vcm_coldPrickle,SelectInvestment_Review,1490522024,3,8,False
1,7,rdymovsq,1182,csr_2_vcm_coldPrickle,ShuffleWaitPage,1490522040,16,8,False
1,7,rdymovsq,1187,csr_2_vcm_coldPrickle,WaitPage,1490522041,1,9,False
1,7,rdymovsq,1188,csr_2_vcm_coldPrickle,SelectInvestment,1490522050,9,9,False
1,7,rdymovsq,1189,csr_2_vcm_coldPrickle,WaitPage2,1490522057,7,9,False
1,7,rdymovsq,1190,csr_2_vcm_coldPrickle,SelectInvestment_Review,1490522061,4,9,False
1,7,rdymovsq,1191,csr_2_vcm_coldPrickle,ShuffleWaitPage,1490522075,14,9,False
1,7,rdymovsq,1196,csr_2_vcm_coldPrickle,WaitPage,1490522075,0,10,False
1,7,rdymovsq,1197,csr_2_vcm_coldPrickle,SelectInvestment,1490522083,8,10,False
1,7,rdymovsq,1198,csr_2_vcm_coldPrickle,WaitPage2,1490522087,4,10,False
1,7,rdymovsq,1199,csr_2_vcm_coldPrickle,SelectInvestment_Review,1490522096,9,10,False
1,7,rdymovsq,1201,csr_2_vcm_coldPrickle,Part3_prep,1490522146,50,10,True
1,7,rdymovsq,1202,csr_2_vcm_coldPrickle,WaitPage3,1490522146,0,10,False
1,7,rdymovsq,1205,csr_2_vcm_coldPrickle,WaitPage,1490522147,1,11,False
1,7,rdymovsq,1212,csr_3_stageT_coldPrickle,InitWaitPage,1490522148,1,1,False
1,7,rdymovsq,1213,csr_3_stageT_coldPrickle,Instructions,1490522389,241,1,True
1,7,rdymovsq,1214,csr_3_stageT_coldPrickle,quiz1,1490522426,37,1,False
1,7,rdymovsq,1215,csr_3_stageT_coldPrickle,quiz1_sol,1490522428,2,1,False
1,7,rdymovsq,1216,csr_3_stageT_coldPrickle,quiz2,1490522441,13,1,False
1,7,rdymovsq,1217,csr_3_stageT_coldPrickle,quiz2_sol,1490522442,1,1,False
1,7,rdymovsq,1219,csr_3_stageT_coldPrickle,pregame,1490522673,231,1,False
1,7,rdymovsq,1220,csr_3_stageT_coldPrickle,A_Stage1,1490522712,39,1,False
1,7,rdymovsq,1221,csr_3_stageT_coldPrickle,WaitPage_F1,1490522712,0,1,False
1,7,rdymovsq,1223,csr_3_stageT_coldPrickle,WaitPage_A1,1490522759,47,1,False
1,7,rdymovsq,1224,csr_3_stageT_coldPrickle,A_Stage3,1490522848,89,1,False
1,7,rdymovsq,1225,csr_3_stageT_coldPrickle,WaitPage_F2,1490522848,0,1,False
1,7,rdymovsq,1226,csr_3_stageT_coldPrickle,Nature,1490522860,12,1,False
1,7,rdymovsq,1227,csr_3_stageT_coldPrickle,Results,1490522881,21,1,False
1,8,wyo5dqf6,1,csr_0_realeffort,holdon,1490519385,1841,1,True
1,8,wyo5dqf6,7,csr_0_realeffort,Instructions2,1490519510,125,2,True
1,8,wyo5dqf6,13,csr_0_realeffort,TranscribeTask,1490519546,36,3,False
1,8,wyo5dqf6,18,csr_0_realeffort,TranscribeTask,1490519563,17,4,False
1,8,wyo5dqf6,23,csr_0_realeffort,TranscribeTask,1490519582,19,5,False
1,8,wyo5dqf6,28,csr_0_realeffort,TranscribeTask,1490519597,15,6,False
1,8,wyo5dqf6,33,csr_0_realeffort,TranscribeTask,1490519614,17,7,False
1,8,wyo5dqf6,38,csr_0_realeffort,TranscribeTask,1490519632,18,8,False
1,8,wyo5dqf6,43,csr_0_realeffort,TranscribeTask,1490519646,14,9,False
1,8,wyo5dqf6,48,csr_0_realeffort,TranscribeTask,1490519661,15,10,False
1,8,wyo5dqf6,53,csr_0_realeffort,TranscribeTask,1490519674,13,11,False
1,8,wyo5dqf6,58,csr_0_realeffort,TranscribeTask,1490519685,11,12,False
1,8,wyo5dqf6,63,csr_0_realeffort,TranscribeTask,1490519699,14,13,False
1,8,wyo5dqf6,68,csr_0_realeffort,TranscribeTask,1490519713,14,14,False
1,8,wyo5dqf6,73,csr_0_realeffort,TranscribeTask,1490519735,22,15,False
1,8,wyo5dqf6,78,csr_0_realeffort,TranscribeTask,1490519748,13,16,False
1,8,wyo5dqf6,83,csr_0_realeffort,TranscribeTask,1490519764,16,17,False
1,8,wyo5dqf6,88,csr_0_realeffort,TranscribeTask,1490519778,14,18,False
1,8,wyo5dqf6,93,csr_0_realeffort,TranscribeTask,1490519794,16,19,False
1,8,wyo5dqf6,98,csr_0_realeffort,TranscribeTask,1490519805,11,20,False
1,8,wyo5dqf6,103,csr_0_realeffort,TranscribeTask,1490519815,10,21,False
1,8,wyo5dqf6,499,csr_0_realeffort,ResultsWaitPage,1490519819,4,100,False
1,8,wyo5dqf6,505,csr_0_realeffort,TaskResults,1490519840,21,101,False
1,8,wyo5dqf6,1001,csr_1_quiz_coldPrickle,Instructions3,1490520201,361,1,True
1,8,wyo5dqf6,1010,csr_1_quiz_coldPrickle,quiz1,1490520243,42,2,False
1,8,wyo5dqf6,1019,csr_1_quiz_coldPrickle,quiz1_sol,1490520249,6,3,False
1,8,wyo5dqf6,1044,csr_1_quiz_coldPrickle,quiz3,1490520452,203,6,False
1,8,wyo5dqf6,1053,csr_1_quiz_coldPrickle,quiz3_sol,1490520463,11,7,False
1,8,wyo5dqf6,1078,csr_1_quiz_coldPrickle,quiz5,1490520550,87,10,False
1,8,wyo5dqf6,1087,csr_1_quiz_coldPrickle,quiz5_sol,1490520602,52,11,False
1,8,wyo5dqf6,1112,csr_1_quiz_coldPrickle,WaitPage,1490521295,693,14,False
1,8,wyo5dqf6,1113,csr_2_vcm_coldPrickle,WaitPage1,1490521295,0,1,False
1,8,wyo5dqf6,1114,csr_2_vcm_coldPrickle,Instructions,1490521305,10,1,False
1,8,wyo5dqf6,1115,csr_2_vcm_coldPrickle,WaitPage,1490521320,15,1,False
1,8,wyo5dqf6,1116,csr_2_vcm_coldPrickle,SelectInvestment,1490521388,68,1,False
1,8,wyo5dqf6,1117,csr_2_vcm_coldPrickle,WaitPage2,1490521430,42,1,False
1,8,wyo5dqf6,1118,csr_2_vcm_coldPrickle,SelectInvestment_Review,1490521466,36,1,False
1,8,wyo5dqf6,1119,csr_2_vcm_coldPrickle,ShuffleWaitPage,1490521466,0,1,False
1,8,wyo5dqf6,1124,csr_2_vcm_coldPrickle,WaitPage,1490521467,1,2,False
1,8,wyo5dqf6,1125,csr_2_vcm_coldPrickle,SelectInvestment,1490521492,25,2,False
1,8,wyo5dqf6,1126,csr_2_vcm_coldPrickle,WaitPage2,1490521556,64,2,False
1,8,wyo5dqf6,1127,csr_2_vcm_coldPrickle,SelectInvestment_Review,1490521594,38,2,False
1,8,wyo5dqf6,1128,csr_2_vcm_coldPrickle,ShuffleWaitPage,1490521594,0,2,False
1,8,wyo5dqf6,1133,csr_2_vcm_coldPrickle,WaitPage,1490521595,1,3,False
1,8,wyo5dqf6,1134,csr_2_vcm_coldPrickle,SelectInvestment,1490521625,30,3,False
1,8,wyo5dqf6,1135,csr_2_vcm_coldPrickle,WaitPage2,1490521681,56,3,False
1,8,wyo5dqf6,1136,csr_2_vcm_coldPrickle,SelectInvestment_Review,1490521698,17,3,False
1,8,wyo5dqf6,1137,csr_2_vcm_coldPrickle,ShuffleWaitPage,1490521709,11,3,False
1,8,wyo5dqf6,1142,csr_2_vcm_coldPrickle,WaitPage,1490521710,1,4,False
1,8,wyo5dqf6,1143,csr_2_vcm_coldPrickle,SelectInvestment,1490521732,22,4,False
1,8,wyo5dqf6,1144,csr_2_vcm_coldPrickle,WaitPage2,1490521732,0,4,False
1,8,wyo5dqf6,1145,csr_2_vcm_coldPrickle,SelectInvestment_Review,1490521741,9,4,False
1,8,wyo5dqf6,1146,csr_2_vcm_coldPrickle,ShuffleWaitPage,1490521768,27,4,False
1,8,wyo5dqf6,1151,csr_2_vcm_coldPrickle,WaitPage,1490521769,1,5,False
1,8,wyo5dqf6,1152,csr_2_vcm_coldPrickle,SelectInvestment,1490521783,14,5,False
1,8,wyo5dqf6,1153,csr_2_vcm_coldPrickle,WaitPage2,1490521817,34,5,False
1,8,wyo5dqf6,1154,csr_2_vcm_coldPrickle,SelectInvestment_Review,1490521828,11,5,False
1,8,wyo5dqf6,1155,csr_2_vcm_coldPrickle,ShuffleWaitPage,1490521843,15,5,False
1,8,wyo5dqf6,1160,csr_2_vcm_coldPrickle,WaitPage,1490521844,1,6,False
1,8,wyo5dqf6,1161,csr_2_vcm_coldPrickle,SelectInvestment,1490521856,12,6,False
1,8,wyo5dqf6,1162,csr_2_vcm_coldPrickle,WaitPage2,1490521860,4,6,False
1,8,wyo5dqf6,1163,csr_2_vcm_coldPrickle,SelectInvestment_Review,1490521871,11,6,False
1,8,wyo5dqf6,1164,csr_2_vcm_coldPrickle,ShuffleWaitPage,1490521912,41,6,False
1,8,wyo5dqf6,1169,csr_2_vcm_coldPrickle,WaitPage,1490521913,1,7,False
1,8,wyo5dqf6,1170,csr_2_vcm_coldPrickle,SelectInvestment,1490521924,11,7,False
1,8,wyo5dqf6,1171,csr_2_vcm_coldPrickle,WaitPage2,1490521967,43,7,False
1,8,wyo5dqf6,1172,csr_2_vcm_coldPrickle,SelectInvestment_Review,1490521978,11,7,False
1,8,wyo5dqf6,1173,csr_2_vcm_coldPrickle,ShuffleWaitPage,1490521984,6,7,False
1,8,wyo5dqf6,1178,csr_2_vcm_coldPrickle,WaitPage,1490521985,1,8,False
1,8,wyo5dqf6,1179,csr_2_vcm_coldPrickle,SelectInvestment,1490522000,15,8,False
1,8,wyo5dqf6,1180,csr_2_vcm_coldPrickle,WaitPage2,1490522000,0,8,False
1,8,wyo5dqf6,1181,csr_2_vcm_coldPrickle,SelectInvestment_Review,1490522009,9,8,False
1,8,wyo5dqf6,1182,csr_2_vcm_coldPrickle,ShuffleWaitPage,1490522040,31,8,False
1,8,wyo5dqf6,1187,csr_2_vcm_coldPrickle,WaitPage,1490522041,1,9,False
1,8,wyo5dqf6,1188,csr_2_vcm_coldPrickle,SelectInvestment,1490522050,9,9,False
1,8,wyo5dqf6,1189,csr_2_vcm_coldPrickle,WaitPage2,1490522056,6,9,False
1,8,wyo5dqf6,1190,csr_2_vcm_coldPrickle,SelectInvestment_Review,1490522073,17,9,False
1,8,wyo5dqf6,1191,csr_2_vcm_coldPrickle,ShuffleWaitPage,1490522075,2,9,False
1,8,wyo5dqf6,1196,csr_2_vcm_coldPrickle,WaitPage,1490522076,1,10,False
1,8,wyo5dqf6,1197,csr_2_vcm_coldPrickle,SelectInvestment,1490522084,8,10,False
1,8,wyo5dqf6,1198,csr_2_vcm_coldPrickle,WaitPage2,1490522087,3,10,False
1,8,wyo5dqf6,1199,csr_2_vcm_coldPrickle,SelectInvestment_Review,1490522091,4,10,False
1,8,wyo5dqf6,1201,csr_2_vcm_coldPrickle,Part3_prep,1490522146,55,10,True
1,8,wyo5dqf6,1202,csr_2_vcm_coldPrickle,WaitPage3,1490522146,0,10,False
1,8,wyo5dqf6,1205,csr_2_vcm_coldPrickle,WaitPage,1490522146,0,11,False
1,8,wyo5dqf6,1212,csr_3_stageT_coldPrickle,InitWaitPage,1490522148,2,1,False
1,8,wyo5dqf6,1213,csr_3_stageT_coldPrickle,Instructions,1490522389,241,1,True
1,8,wyo5dqf6,1214,csr_3_stageT_coldPrickle,quiz1,1490522414,25,1,False
1,8,wyo5dqf6,1215,csr_3_stageT_coldPrickle,quiz1_sol,1490522424,10,1,False
1,8,wyo5dqf6,1216,csr_3_stageT_coldPrickle,quiz2,1490522473,49,1,False
1,8,wyo5dqf6,1217,csr_3_stageT_coldPrickle,quiz2_sol,1490522475,2,1,False
1,8,wyo5dqf6,1219,csr_3_stageT_coldPrickle,pregame,1490522524,49,1,False
1,8,wyo5dqf6,1221,csr_3_stageT_coldPrickle,WaitPage_F1,1490522712,188,1,False
1,8,wyo5dqf6,1222,csr_3_stageT_coldPrickle,F_Stage2,1490522759,47,1,False
1,8,wyo5dqf6,1223,csr_3_stageT_coldPrickle,WaitPage_A1,1490522759,0,1,False
1,8,wyo5dqf6,1225,csr_3_stageT_coldPrickle,WaitPage_F2,1490522848,89,1,False
1,8,wyo5dqf6,1226,csr_3_stageT_coldPrickle,Nature,1490522884,36,1,False
1,8,wyo5dqf6,1227,csr_3_stageT_coldPrickle,Results,1490522895,11,1,False
